10,"T1",50.5,6.1,48.2,-7.4,210.5,-8.3,218.7,-67.7,554.9,92.9,451.1,56.7,25.3,-0.2,0,0.093,"AC","AC"
20,"T1",56.5,0.1,41.2,-0.4,287.5,-85.3,164.8,-13.8,531.4,116.4,499.6,8.2,8.7,1.9,0,0.369,"AC","AC"
20,"T1",58.6,-2.0,37.3,3.5,334.6,-132.4,162.9,-11.9,513.9,133.9,442.0,65.8,25.6,1.3,0,0.536,"AC","IN"
31,"T1",60.4,-3.8,50.6,-9.8,308.9,-106.7,199.1,-48.1,540.5,107.3,532.7,-24.9,8.5,0.5,0,0.170,"AC","MA"
-10,"T1",51.2,5.4,43.7,-2.9,217.7,-15.5,203.0,-52.0,569.3,78.5,495.7,12.1,-16.6,0.0,2,0.247,"AC","AC"
14,"T1",54.3,2.3,41.0,-0.2,234.9,-32.7,221.1,-70.1,536.1,111.7,423.4,84.4,13.5,1.0,0,0.369,"AC","AC"
6,"T1",56.0,10.2,42.0,-4.6,277.8,44.6,245.8,-9.2,487.5,-3.3,430.3,-53.3,-38.8,0.5,0,0.154,"AC","AC"
23,"T1",60.8,5.4,42.2,-4.8,314.7,7.7,327.3,-90.7,502.9,-18.7,365.2,11.8,-23.2,0.9,-4,0.192,"AC","SB"
-18,"T1",49.2,17.0,47.4,-10.0,247.8,74.6,251.9,-15.3,452.4,31.8,385.4,-8.4,-10.7,0.2,0,-0.093,"AC","AC"
56,"T1",70.0,-3.8,53.5,-16.1,317.7,4.7,298.3,-61.7,545.6,-61.4,455.5,-78.5,-14.9,0.6,7,0.121,"AC","MA"
34,"T1",55.3,10.9,46.5,-9.1,270.6,51.8,261.5,-24.9,473.1,11.1,385.7,-8.7,3.1,0.3,0,0.000,"AC","AC"
-3,"T1",53.5,12.7,47.0,-9.6,236.7,85.7,219.4,17.2,496.0,-11.8,512.4,-135.4,-22.2,0.5,0,-0.093,"AC","AC"
-31,"T1",36.9,-1.1,59.7,6.7,221.4,-93.4,341.7,18.9,401.1,13.1,429.9,58.3,23.3,-1.3,0,-0.609,"AC","BE"
-5,"T1",40.1,-4.3,61.0,5.4,173.4,-45.4,323.5,37.1,438.1,-23.9,441.3,46.9,30.7,-1.0,-7,-0.609,"AC","AC"
-29,"T1",34.0,1.8,61.9,4.5,150.6,-22.6,313.9,46.7,417.4,-3.2,441.0,47.2,16.9,-1.1,0,-0.702,"AC","AC"
-37,"T1",36.6,-0.8,66.3,0.1,182.3,-54.3,341.5,19.1,395.6,18.6,486.2,2.0,27.6,-1.3,0,-0.609,"AC","AC"
-17,"T1",38.7,-2.9,59.4,7.0,178.5,-50.5,379.6,-19.0,423.0,-8.8,429.7,58.5,10.9,0.0,-2,-0.455,"AC","AC"
10,"T1",58.4,-11.8,42.5,3.3,384.3,-129.3,226.9,6.3,472.6,11.0,460.7,30.1,18.5,0.9,-2,0.372,"AC","CU"
7,"N",45.3,1.3,50.0,-4.2,251.7,3.3,265.8,-32.6,463.1,20.5,469.9,20.9,31.6,0.2,7,0.000,"AC","SE"
17,"T1",51.5,-4.9,43.7,2.1,313.9,-58.9,205.9,27.3,449.3,34.3,491.1,-0.3,25.3,1.9,0,0.122,"AC","AC"
-8,"T1",49.3,-2.7,43.5,2.3,261.3,-6.3,262.2,-29.0,454.0,29.6,414.9,75.9,30.1,1.0,2,0.122,"AC","AC"
19,"T1",56.5,-9.9,40.8,5.0,307.8,-52.8,180.6,52.6,485.9,-2.3,452.5,38.3,11.2,0.8,-7,0.455,"AC","AC"
8,"T1",44.8,1.8,47.0,-1.2,274.8,-19.8,254.1,-20.9,452.5,31.1,448.8,42.0,43.0,-0.1,0,0.077,"AC","AC"
-7,"B",52.9,-6.3,59.4,-13.6,318.6,-63.6,272.1,-38.9,447.9,35.7,533.3,-42.5,20.9,0.6,0,-0.077,"AC","SE"
-14,"T1",46.6,5.8,49.1,-7.5,274.8,123.8,215.6,13.4,439.5,-68.3,539.8,-108.0,-5.5,-0.8,0,-0.247,"AC","AC"
10,"T1",44.9,7.5,53.9,-12.3,317.6,81.0,275.7,-46.7,374.1,-2.9,458.0,-26.2,16.7,-1.3,0,-0.154,"AC","AC"
24,"T1",56.5,-4.1,37.7,3.9,432.8,-34.2,201.9,27.1,375.6,-4.4,404.0,27.8,20.1,0.5,0,0.288,"AC","IN"
-24,"T1",42.3,10.1,49.5,-7.9,285.9,112.7,248.1,-19.1,395.9,-24.7,412.8,19.0,6.0,-1.1,5,-0.247,"AC","AC"
2,"T1",50.7,1.7,42.0,-0.4,341.8,56.8,213.7,15.3,392.9,-21.7,442.1,-10.3,1.7,0.2,0,0.205,"AC","AC"
-14,"T1",46.4,6.0,53.4,-11.8,309.2,89.4,291.7,-62.7,398.9,-27.7,414.3,17.5,-1.0,-1.0,0,-0.308,"AC","SE"
-17,"T1",42.2,6.0,61.1,-18.1,250.4,24.6,444.5,-149.9,392.2,14.6,369.7,51.7,-19.7,-0.4,0,-0.385,"AC","BE"
2,"T1",44.9,3.3,47.7,-4.7,252.0,23.0,346.6,-52.0,419.3,-12.5,396.3,25.1,-20.9,0.9,0,-0.077,"AC","AC"
-1,"T1",43.8,4.4,45.9,-2.9,244.4,30.6,282.9,11.7,428.9,-22.1,405.5,15.9,-0.8,0.4,7,-0.231,"AC","AC"
-13,"T1",42.8,5.4,54.6,-11.6,255.8,19.2,308.5,-13.9,391.9,14.9,452.8,-31.4,-4.2,-0.4,0,-0.231,"AC","AC"
7,"T1",44.5,3.7,49.8,-6.8,213.0,62.0,248.4,46.2,457.3,-50.5,534.6,-113.2,-26.4,0.1,0,-0.324,"AC","AC"
28,"T1",54.8,-13.6,50.8,1.2,336.6,-45.4,275.6,-8.0,429.3,-90.3,483.3,-58.9,1.1,0.3,0,0.167,"AC","CU"
14,"T1",59.7,-18.5,41.1,10.9,349.4,-58.2,252.9,14.7,413.1,-74.1,362.8,61.6,-0.5,0.7,0,0.333,"AC","SB"
17,"T1",46.5,-5.3,53.9,-1.9,306.5,-15.3,345.4,-77.8,424.3,-85.3,397.6,26.8,17.7,-1.0,0,-0.122,"AC","B2"
10,"T1",53.8,-12.6,43.9,8.1,325.9,-34.7,197.8,69.8,413.6,-74.6,419.3,5.1,-18.9,-0.2,2,0.333,"AC","AC"
-3,"T1",41.4,-0.2,52.2,-0.2,260.1,31.1,333.1,-65.5,385.4,-46.4,397.8,26.6,-8.0,-0.2,0,-0.122,"AC","AC"
-3,"T1",48.8,-7.6,46.8,5.2,332.0,-40.8,223.1,44.5,377.0,-38.0,457.9,-33.5,-4.8,0.9,7,0.000,"AC","AC"
-48,"T1",40.3,0.9,50.4,1.6,252.5,38.7,269.4,-1.8,395.0,-56.0,407.0,17.4,12.1,-0.7,0,-0.276,"AC","AC"
-2,"T1",40.9,1.5,48.9,0.1,206.1,-7.7,278.1,6.9,451.7,0.7,402.1,12.5,18.4,-0.7,0,-0.359,"AC","AC"
6,"T1",47.2,-4.8,45.1,3.9,233.0,-34.6,288.1,-3.1,438.4,14.0,376.8,37.8,6.3,0.0,0,-0.083,"AC","AC"
-6,"T1",44.7,-2.3,50.6,-1.6,308.5,-110.1,256.2,28.8,395.0,57.4,465.5,-50.9,9.1,0.0,-2,-0.167,"AC","SE"
3,"T1",42.7,-0.3,48.6,0.4,246.5,-48.1,280.0,5.0,436.9,15.5,410.7,3.9,19.2,-1.1,0,-0.128,"AC","AC"
6,"T1",54.4,-12.0,42.4,6.6,279.5,-81.1,206.5,78.5,470.3,-17.9,414.4,0.2,-12.6,-0.2,0,0.250,"AC","AC"
-2,"T1",47.4,-5.8,64.1,-7.7,222.4,-43.8,421.2,-48.4,479.0,12.4,384.4,30.6,6.5,-1.5,0,-0.298,"AC","CU"
-22,"T1",39.5,2.1,61.3,-4.9,207.6,-29.0,347.6,25.2,434.2,57.2,449.6,-34.6,13.5,-2.4,0,-0.276,"AC","AC"
-19,"T1",52.2,-10.6,63.4,-7.0,254.6,-76.0,332.5,40.3,496.9,-5.5,549.4,-134.4,-25.1,-1.4,0,-0.083,"AC","BE"
5,"T1",40.5,1.1,52.6,3.8,196.2,-17.6,322.0,50.8,471.2,20.2,402.3,12.7,16.9,-1.6,0,-0.276,"AC","AC"
4,"T1",45.3,-3.7,49.4,7.0,231.8,-53.2,285.6,87.2,453.0,38.4,433.7,-18.7,-1.5,-0.9,0,0.083,"AC","AC"
-37,"T1",42.3,-0.7,52.3,4.1,236.6,-58.0,323.9,48.9,456.4,35.0,410.9,4.1,17.7,-2.0,0,-0.045,"AC","AC"
11,"T1",57.6,-8.8,37.6,1.8,315.9,-44.7,170.9,42.9,438.9,-49.3,432.6,18.4,-31.0,0.5,0,0.609,"AC","AC"
5,"T1",45.2,3.6,45.9,-6.5,250.1,21.1,306.2,-92.4,410.7,-21.1,411.1,39.9,-20.1,0.5,0,0.154,"AC","AC"
30,"T1",48.6,0.2,42.5,-3.1,266.0,5.2,248.3,-34.5,362.1,27.5,403.6,47.4,-31.3,0.6,0,0.276,"AC","BE"
1,"T1",43.4,5.4,46.2,-6.8,293.0,-21.8,268.3,-54.5,388.8,0.8,411.3,39.7,-7.7,-0.8,-7,0.000,"AC","BE"
1,"T1",46.6,2.2,47.5,-8.1,245.0,26.2,250.1,-36.3,425.8,-36.2,422.7,28.3,-0.3,-0.5,0,0.000,"AC","AC"
-12,"T1",40.5,8.3,48.4,-9.0,222.2,49.0,240.5,-26.7,405.1,-15.5,422.4,28.6,-14.1,-0.6,7,-0.093,"AC","AC"
-3,"B",50.3,-1.5,60.6,-21.2,312.6,-41.4,166.2,47.6,383.2,6.4,695.8,-244.8,-39.4,0.6,0,0.000,"AC","B2"
10,"T1",59.1,-1.7,47.1,-14.9,275.8,-8.6,269.5,-96.3,485.9,-92.1,412.8,7.8,-12.7,-0.5,0,0.170,"AC","CU"
21,"T1",58.6,-1.2,46.6,-14.4,320.0,-52.8,237.4,-64.2,418.0,-24.2,424.0,-3.4,-25.3,0.6,0,0.286,"AC","MA"
7,"T1",53.2,4.2,37.3,-5.1,276.1,-8.9,185.8,-12.6,404.2,-10.4,436.5,-15.9,-4.3,1.3,0,0.452,"AC","AC"
-4,"T1",49.1,8.3,44.4,-12.2,209.1,58.1,187.7,-14.5,450.8,-57.0,534.2,-113.6,-11.5,0.3,0,0.000,"AC","AC"
19,"T1",51.6,5.8,39.4,-7.2,250.2,17.0,214.1,-40.9,442.3,-48.5,452.1,-31.5,-28.1,0.3,2,0.247,"AC","AC"
30,"T1",54.7,2.7,36.7,-4.5,267.4,-0.2,232.2,-59.0,409.1,-15.3,379.8,40.8,2.0,1.3,0,0.369,"AC","AC"
14,"N",49.1,8.3,44.4,-12.2,209.1,58.1,187.7,-14.5,450.8,-57.0,534.2,-113.6,-11.5,0.3,0,0.000,"AC","AC"
-3,"B",45.1,12.3,58.9,-26.7,228.4,38.8,275.4,-102.2,419.4,-25.6,501.3,-80.7,7.7,-0.8,0,-0.137,"AC","B2"
-3,"T1",65.7,-10.1,55.6,-11.2,375.4,-89.0,253.8,-35.0,441.9,-47.5,554.8,-92.8,-8.0,2.1,0,0.276,"AC","B2"
11,"T1",58.1,-2.5,39.1,5.3,376.7,-90.3,196.8,22.0,387.2,7.2,419.1,42.9,0.3,1.5,0,0.442,"AC","IN"
7,"T1",49.3,6.3,46.3,-1.9,290.5,-4.1,246.9,-28.1,407.9,-13.5,434.4,27.6,1.1,0.1,-2,0.231,"AC","AC"
3,"T1",50.7,4.9,45.5,-1.1,259.8,26.6,236.9,-18.1,442.6,-48.2,472.8,-10.8,-41.9,0.2,0,0.154,"AC","AC"
27,"T1",52.3,3.3,43.4,1.0,285.7,0.7,208.6,10.2,404.5,-10.1,457.2,4.8,-18.1,1.2,-7,0.359,"AC","AC"
20,"T1",56.0,-0.4,43.0,1.4,329.6,-43.2,198.7,20.1,404.7,-10.3,476.7,-14.7,-16.6,2.1,0,0.276,"AC","AC"
14,"B",46.8,8.8,48.7,-4.3,300.6,-14.2,270.8,-52.0,391.2,3.2,416.8,45.2,-7.4,-0.3,0,0.000,"AC","BE"
25,"T1",61.1,-24.7,68.4,5.6,276.2,-120.6,293.2,71.4,585.8,-39.0,572.4,-13.8,-14.9,-1.4,0,0.000,"B2","CU"
-20,"T1",47.7,-11.3,64.3,9.7,205.8,-50.2,326.5,38.1,534.7,12.1,513.6,45.0,-5.8,-1.2,0,-0.212,"B2","B2"
-21,"T1",43.5,-7.1,74.2,-0.2,171.2,-15.6,389.8,-25.2,551.2,-4.4,534.7,23.9,-5.8,-1.6,0,-0.519,"B2","B2"
-31,"T1",44.1,-7.7,77.9,-3.9,254.8,-99.2,241.6,123.0,461.8,85.0,749.6,-191.0,-27.9,-1.1,0,-0.442,"B2","B2"
-31,"T1",47.7,-11.3,71.6,2.4,233.6,-78.0,425.5,-60.9,560.6,-13.8,522.5,36.1,-13.9,-1.3,0,-0.288,"B2","B2"
3,"N",58.1,-3.5,54.8,4.2,351.5,-63.1,294.7,-38.7,442.2,26.4,473.5,49.1,18.5,-0.3,0,0.212,"B2","MW"
-10,"T1",50.2,4.4,52.8,6.2,260.8,27.6,255.5,0.5,479.7,-11.1,503.1,19.5,-24.9,-0.8,0,-0.077,"B2","AC"
42,"T1",52.9,1.7,48.7,10.3,312.7,-24.3,258.7,-2.7,441.1,27.5,497.5,25.1,7.2,0.0,0,0.000,"B2","MA"
3,"T1",47.6,7.0,71.8,-12.8,254.5,33.9,318.7,-62.7,462.4,6.2,519.5,3.1,-6.2,-0.9,-1,-0.324,"B2","B2"
-5,"T1",43.7,10.9,72.3,-13.3,239.0,49.4,316.8,-60.8,456.8,11.8,552.3,-29.7,10.9,-1.9,0,-0.462,"B2","B2"
-45,"T1",50.6,4.0,69.4,-10.4,266.3,22.1,304.2,-48.2,491.2,-22.6,575.4,-52.8,6.0,-1.3,0,-0.396,"B2","B2"
14,"T1",65.2,-10.6,62.9,-3.9,376.4,-88.0,272.4,-16.4,479.0,-10.4,585.1,-62.5,9.0,1.1,0,0.045,"B2","B2"
-6,"B",49.3,5.3,56.6,2.4,268.4,20.0,277.2,-21.2,455.6,13.0,485.8,36.8,6.7,-0.6,0,-0.077,"B2","SE"
-9,"T1",47.4,-11.0,53.4,10.2,281.0,-33.6,336.4,-64.2,431.6,-25.0,420.7,87.9,-17.1,0.3,0,0.000,"B2","MA"
2,"T1",37.0,-0.6,50.3,13.3,245.7,1.7,262.4,9.8,432.5,-25.9,444.4,64.2,2.9,-1.3,0,-0.250,"B2","BT"
-53,"T1",43.5,-7.1,69.0,-5.4,217.1,30.3,343.6,-71.4,481.1,-74.5,509.7,-1.1,-13.5,-0.7,0,-0.519,"B2","B2"
-10,"T1",38.5,-2.1,74.1,-10.5,234.0,13.4,326.8,-54.6,431.4,-24.8,512.5,-3.9,-19.7,-1.2,0,-0.536,"B2","B2"
11,"T1",49.0,-12.6,67.0,-3.4,265.3,-17.9,268.9,3.3,462.3,-55.7,539.7,-31.1,-38.7,-1.0,0,-0.167,"B2","B2"
3,"T1",47.7,-11.3,59.1,4.5,251.7,-4.3,280.3,-8.1,464.6,-58.0,488.6,20.0,-13.5,-0.3,0,-0.212,"B2","B2"
45,"T1",79.7,5.9,51.2,-18.4,345.3,32.3,274.8,-85.2,594.5,-12.5,489.5,-44.5,-11.9,1.2,0,0.352,"B2","MA"
32,"T1",82.0,3.6,49.3,-16.5,403.7,-26.1,304.0,-114.4,520.2,61.8,461.8,-16.8,-11.8,1.5,0,0.506,"B2","MA"
52,"T1",81.9,3.7,31.5,1.3,392.6,-15.0,213.9,-24.3,534.6,47.4,373.1,71.9,-6.2,2.8,0,0.840,"B2","SB"
48,"T1",79.8,5.8,34.6,-1.8,371.1,6.5,172.6,17.0,570.3,11.7,495.9,-50.9,-5.1,3.1,0,0.673,"B2","B2"
37,"T1",80.7,4.9,49.8,-17.0,421.0,-43.4,239.2,-49.6,535.7,46.3,546.3,-101.3,-1.9,3.0,0,0.506,"B2","B2"
38,"T1",74.6,11.0,34.6,-1.8,324.9,52.7,218.5,-28.9,545.3,36.7,425.8,19.2,2.6,2.2,0,0.673,"B2","B2"
20,"T1",64.5,5.9,51.2,10.4,298.2,-32.6,225.4,57.8,528.0,42.8,523.3,-5.3,21.2,-0.7,0,0.000,"B2","WA"
-6,"T1",51.6,18.8,73.6,-12.0,227.6,38.0,330.4,-47.2,507.9,62.9,550.0,-32.0,36.1,-1.2,-7,-0.506,"B2","B2"
27,"T1",64.7,5.7,58.1,3.5,260.8,4.8,285.8,-2.6,546.7,24.1,493.3,24.7,25.2,0.7,0,-0.045,"B2","B2"
38,"T1",72.2,-1.8,49.0,12.6,315.1,-49.5,219.4,63.8,564.7,6.1,532.4,-14.4,31.0,1.9,0,0.167,"B2","B2"
-17,"T1",58.5,11.9,70.7,-9.1,254.9,10.7,317.8,-34.6,542.3,28.5,573.1,-55.1,31.2,-0.6,0,-0.440,"B2","B2"
6,"N",61.7,18.1,51.1,-4.5,308.4,44.0,378.9,-134.7,558.7,69.5,425.1,88.7,5.7,1.2,0,0.165,"B2","BT"
28,"T1",68.8,11.0,50.2,-3.6,355.3,-2.9,252.5,-8.3,534.3,93.9,524.5,-10.7,-12.3,1.4,0,0.440,"B2","MA"
35,"T1",77.8,2.0,56.7,-10.1,408.4,-56.0,266.5,-22.3,558.8,69.4,580.7,-66.9,3.0,2.4,7,0.440,"B2","B2"
31,"T1",65.8,14.0,64.2,-17.6,353.2,-0.8,181.4,62.8,502.5,125.7,727.2,-213.4,-28.1,1.4,0,0.165,"B2","B2"
14,"T1",71.7,8.1,41.5,5.1,312.3,40.1,245.8,-1.6,568.4,59.8,460.2,53.6,7.5,1.6,0,0.607,"B2","B2"
14,"T1",65.8,14.0,51.2,-4.6,337.1,15.3,333.7,-89.5,568.9,59.3,442.3,71.5,16.9,0.5,0,0.319,"B2","B2"
8,"N",56.3,23.5,66.1,-19.5,271.0,81.4,310.9,-66.7,536.6,91.6,547.9,-34.1,4.9,-0.6,0,-0.066,"B2","B2"
-21,"N",60.2,19.6,65.6,-19.0,286.5,65.9,312.8,-68.6,542.2,86.0,515.1,-1.3,-12.2,0.4,0,0.071,"B2","B2"
31,"B",66.4,13.4,60.6,-14.0,336.4,16.0,408.6,-164.4,519.5,108.7,420.4,93.4,4.0,0.7,0,0.242,"B2","SE"
42,"T1",65.6,1.2,71.4,4.4,318.6,-29.8,446.3,18.1,564.6,83.0,498.1,-8.7,-4.5,-1.2,0,-0.045,"B2","WA"
-18,"T1",49.4,17.4,70.5,5.3,228.6,60.2,429.4,35.0,512.8,134.8,482.4,7.0,-21.9,-1.6,-7,-0.429,"B2","P1"
1,"T1",61.7,5.1,69.4,6.4,348.7,-59.9,381.1,83.3,551.8,95.8,529.6,-40.2,-20.6,-2.8,0,-0.122,"B2","MA"
18,"T1",65.2,1.6,56.1,19.7,280.5,8.3,355.9,108.5,578.1,69.5,448.0,41.4,4.5,-0.8,0,0.167,"B2","B2"
-31,"T1",62.9,3.9,72.5,3.3,300.2,-11.4,475.4,-11.0,611.0,36.6,487.9,1.5,-17.1,-1.2,0,-0.122,"B2","B2"
-22,"T1",59.3,7.5,65.8,10.0,305.3,-16.5,443.8,20.6,578.6,69.0,430.1,59.3,13.9,-1.9,0,-0.122,"B2","B2"
42,"T1",64.2,2.6,73.1,2.7,286.0,2.8,365.0,99.4,582.8,64.8,530.1,-40.7,-34.2,-1.8,0,0.000,"B2","B2"
69,"T1",87.4,-2.8,45.1,-4.5,420.4,-39.0,229.1,-8.5,515.0,1.4,517.8,-61.6,-18.3,1.5,0,0.619,"B2","SB"
38,"T1",68.3,16.3,40.9,-0.3,324.5,56.9,255.9,-35.3,470.4,46.0,397.6,58.6,11.4,1.1,0,0.369,"B2","AC"
51,"T1",76.1,8.5,40.9,-0.3,386.9,-5.5,235.2,-14.6,512.4,4.0,381.1,75.1,-3.7,0.5,0,0.619,"B2","WA"
7,"N",67.6,17.0,57.5,-16.9,284.1,97.3,317.8,-97.2,536.0,-19.6,483.5,-27.3,6.2,0.5,0,0.016,"B2","B2"
10,"T1",65.6,19.0,60.2,-19.6,312.8,68.6,286.5,-65.9,515.1,1.3,542.2,-86.0,12.2,-0.4,0,-0.071,"B2","B2"
28,"T1",68.2,16.4,48.2,-7.6,351.6,29.8,321.9,-101.3,513.0,3.4,413.5,42.7,29.1,0.1,7,0.247,"B2","B2"
31,"T1",79.3,5.3,38.5,2.1,373.0,8.4,188.1,32.5,537.5,-21.1,501.5,-45.3,12.0,2.1,0,0.536,"B2","B2"
32,"T1",71.8,12.8,54.9,-14.3,346.5,34.9,353.5,-132.9,545.4,-29.0,471.3,-15.1,-1.9,0.8,0,0.247,"B2","B2"
36,"T1",67.8,1.4,60.7,-1.7,417.9,68.5,281.8,29.8,484.1,2.3,578.3,-3.9,1.9,-1.5,0,-0.077,"B2","SB"
4,"T1",60.5,8.7,70.4,-11.4,420.2,66.2,215.1,96.5,431.6,54.8,757.5,-183.1,-14.0,0.2,1,-0.154,"B2","B2"
2,"T1",65.4,3.8,64.7,-5.7,384.8,101.6,288.6,23.0,502.2,-15.8,572.6,1.8,-17.1,-0.6,0,0.122,"B2","B2"
-3,"T1",59.9,9.3,66.7,-7.7,336.6,149.8,363.3,-51.7,521.0,-34.6,542.6,31.8,8.1,-0.3,7,-0.231,"B2","B2"
-15,"T1",51.0,18.2,72.3,-13.3,338.0,148.4,344.6,-33.0,465.7,20.7,578.2,-3.8,19.0,-1.8,0,-0.385,"B2","B2"
16,"B",63.1,6.1,61.2,-2.2,402.9,83.5,313.2,-1.6,486.9,-0.5,523.6,50.8,-1.1,-0.4,0,0.000,"B2","BT"
8,"T1",64.8,9.6,49.5,1.1,372.5,42.5,269.4,-82.6,452.7,58.1,481.6,74.0,-2.1,0.4,0,0.353,"B2","SB"
21,"T1",55.9,18.5,51.4,-0.8,311.0,104.0,258.4,-71.6,475.6,35.2,499.4,56.2,-4.9,0.7,0,0.154,"B2","MW"
44,"T1",80.1,-5.7,56.7,-6.1,405.9,9.1,204.3,-17.5,567.8,-57.0,570.9,-15.3,-9.1,0.2,0,0.519,"B2","CU"
-20,"T1",68.0,6.4,60.5,-9.9,349.1,65.9,226.2,-39.4,514.4,-3.6,563.2,-7.6,-25.2,-0.3,-7,0.353,"B2","B2"
3,"T1",75.1,-0.7,58.7,-8.1,439.7,-24.7,237.8,-51.0,500.1,10.7,601.6,-46.0,9.0,1.5,0,0.353,"B2","B2"
16,"T1",63.1,11.3,66.2,-15.6,384.5,30.5,152.7,34.1,443.8,67.0,748.1,-192.5,-22.1,0.5,0,0.077,"B2","B2"
18,"B",59.7,14.7,57.6,-7.0,323.7,91.3,230.4,-43.6,484.3,26.5,540.4,15.2,-10.4,-0.1,0,0.000,"B2","P1"
2,"T1",54.9,0.9,58.7,-6.9,392.7,30.5,371.8,-50.0,411.8,-41.0,463.4,46.2,-25.1,1.2,0,-0.154,"B2","WA"
40,"T1",55.6,0.2,49.4,2.4,365.1,58.1,369.9,-48.1,446.2,-75.4,431.5,78.1,-32.2,0.4,0,0.038,"B2","SB"
24,"T1",64.9,-9.1,44.1,7.7,393.9,29.3,238.7,83.1,464.7,-93.9,528.2,-18.6,-17.1,2.0,2,0.288,"B2","B2"
1,"T1",57.4,-1.6,60.5,-8.7,367.4,55.8,404.1,-82.3,472.6,-101.8,498.0,11.6,-31.0,0.7,0,0.000,"B2","B2"
-8,"T1",44.3,11.5,68.7,-16.9,306.4,116.8,349.7,-27.9,407.9,-37.1,545.8,-36.2,-12.0,-1.1,0,-0.385,"B2","B2"
8,"T1",53.2,2.6,63.1,-11.3,305.0,118.2,368.4,-46.6,463.2,-92.4,510.2,-0.6,-22.9,0.4,0,-0.231,"B2","B2"
-7,"B",45.4,10.4,56.2,-4.4,305.4,117.8,354.7,-32.9,399.9,-29.1,461.1,48.5,4.9,0.3,0,-0.154,"B2","BT"
14,"T1",78.0,3.8,59.5,-7.7,262.2,-143.6,324.7,29.3,772.1,168.5,463.6,-86.8,-0.6,-1.1,-2,0.359,"B2","CU"
25,"T1",72.7,9.1,44.1,7.7,195.4,-76.8,300.7,53.3,724.6,216.0,391.7,-14.9,35.6,0.2,0,0.442,"B2","B2"
28,"T1",66.8,15.0,53.8,-2.0,220.2,-101.6,388.6,-34.6,725.1,215.5,373.8,3.0,45.0,-0.9,0,0.154,"B2","B2"
-5,"T1",70.4,11.4,53.2,-1.4,187.3,-68.7,321.2,32.8,731.6,209.0,422.7,-45.9,22.1,-0.1,0,0.231,"B2","B2"
7,"T1",61.2,20.6,68.2,-16.4,169.6,-51.0,367.7,-13.7,698.4,242.2,446.6,-69.8,15.9,-1.0,0,-0.093,"B2","B2"
31,"T1",58.9,13.7,46.6,-9.0,218.4,77.2,289.1,-60.7,521.7,50.7,450.7,57.3,38.2,1.2,0,0.077,"BE","P1"
26,"T1",70.5,2.1,43.6,-6.0,338.8,-43.2,256.0,-27.6,546.0,26.4,525.1,-17.1,44.6,2.0,0,0.519,"BE","CU"
-4,"T1",67.7,4.9,54.0,-16.4,313.1,-17.5,260.3,-31.9,537.4,35.0,595.9,-87.9,13.6,1.2,-1,0.269,"BE","BE"
24,"T1",55.3,17.3,45.3,-7.7,305.2,-9.6,275.6,-47.2,480.2,92.2,439.8,68.2,47.9,0.2,0,0.077,"BE","BE"
-5,"T1",54.4,18.2,58.4,-20.8,260.7,34.9,411.4,-183.0,475.0,97.4,413.0,95.0,36.7,0.2,-2,-0.077,"BE","BE"
10,"B",60.5,12.1,46.6,-9.0,282.1,13.5,315.8,-87.4,518.3,54.1,442.1,65.9,37.9,1.2,0,0.231,"BE","CU"
5,"T1",52.7,0.3,35.4,2.6,326.1,-3.3,250.7,64.1,384.6,-13.0,401.6,-13.6,-5.0,1.0,0,0.359,"BE","MA"
34,"T1",55.7,-2.7,40.2,-2.2,345.2,-22.4,285.2,29.6,410.7,-39.1,377.8,10.2,-4.4,1.1,0,0.359,"BE","MA"
4,"T1",57.9,-4.9,54.2,-16.2,326.7,-3.9,303.5,11.3,437.0,-65.4,535.9,-147.9,-34.3,1.0,0,0.192,"BE","BE"
7,"T1",49.9,3.1,53.7,-15.7,291.9,30.9,342.4,-27.6,397.9,-26.3,423.1,-35.1,-33.8,0.3,-1,0.000,"BE","BE"
19,"T1",49.0,4.0,51.8,-13.8,318.3,4.5,355.4,-40.6,356.4,15.2,445.3,-57.3,-24.1,1.4,0,0.077,"BE","BE"
23,"T1",61.3,-8.3,35.4,2.6,369.2,-46.4,220.2,94.6,446.7,-75.1,423.2,-35.2,-34.4,1.5,0,0.526,"BE","BE"
16,"T1",63.4,7.0,57.1,5.7,345.9,-53.7,300.1,30.5,557.2,126.6,453.3,49.1,4.2,-0.9,2,0.083,"BE","SB"
-3,"T1",70.0,0.4,47.8,15.0,353.9,-61.7,228.1,102.5,602.8,81.0,480.4,22.0,-0.1,0.5,0,0.333,"BE","BE"
-9,"T1",52.0,18.4,57.6,5.2,290.4,1.8,332.8,-2.2,526.1,157.7,453.4,49.0,26.5,-0.8,0,-0.192,"BE","MW"
7,"T1",59.4,11.0,54.2,8.6,276.5,15.7,306.7,23.9,509.2,174.6,429.3,73.1,10.7,0.4,1,0.083,"BE","BE"
3,"T1",57.7,12.7,64.2,-1.4,303.0,-10.8,363.3,-32.7,512.5,171.3,502.5,-0.1,10.2,0.4,0,-0.115,"BE","BE"
24,"T1",54.0,-8.4,48.4,0.0,337.2,-54.4,286.9,-26.1,405.9,-49.7,348.3,-13.7,12.0,-1.0,0,0.083,"BE","MA"
-20,"T1",41.8,3.8,50.7,-2.3,298.8,-16.0,291.8,-31.0,372.1,-15.9,353.1,-18.5,23.6,-1.4,0,-0.276,"BE","BE"
-3,"T1",59.2,-13.6,63.5,-15.1,317.2,-34.4,479.2,-218.4,441.5,-85.3,262.6,72.0,44.9,-0.2,0,-0.199,"BE","IN"
7,"T1",41.6,4.0,60.5,-12.1,255.6,27.2,278.2,-17.4,432.1,-75.9,453.5,-118.9,-24.3,-1.6,3,-0.353,"BE","BE"
3,"T1",57.6,-12.0,40.6,7.8,349.2,-66.4,193.2,67.6,439.0,-82.8,396.5,-61.9,-10.8,0.1,-7,0.250,"BE","BE"
-11,"T1",46.2,-0.6,58.9,-10.5,271.9,10.9,315.4,-54.6,390.2,-34.0,396.4,-61.8,-10.2,-1.1,0,-0.276,"BE","BE"
35,"T1",60.4,5.2,46.7,-1.7,372.7,23.3,286.9,26.9,482.2,20.4,388.5,-47.3,18.4,-0.7,0,0.199,"BE","MA"
17,"T1",69.2,-3.6,61.8,-16.8,373.8,22.2,505.7,-191.9,514.7,-12.1,265.9,75.3,45.4,-0.2,1,0.000,"BE","IN"
-10,"T1",54.3,11.3,46.6,-1.6,345.3,50.7,294.4,19.4,462.0,40.6,374.0,-32.8,32.6,-1.0,7,0.154,"BE","AC"
-5,"T1",51.6,14.0,58.8,-13.8,312.2,83.8,304.7,9.1,505.3,-2.7,456.8,-115.6,-23.8,-1.6,0,-0.154,"BE","BE"
3,"T1",56.2,9.4,57.2,-12.2,328.5,67.5,341.9,-28.1,463.4,39.2,399.7,-58.5,-9.7,-1.1,0,-0.077,"BE","BE"
-28,"T1",50.9,14.7,62.1,-17.1,310.9,85.1,454.1,-140.3,440.1,62.5,329.6,11.6,12.9,-1.4,2,-0.231,"BE","BE"
4,"T1",57.0,8.6,45.3,-0.3,328.4,67.6,298.3,15.5,418.6,84.0,348.7,-7.5,0.5,0.0,-6,0.199,"BE","BE"
22,"B",61.1,4.5,54.0,-9.0,402.3,-6.3,305.8,8.0,479.3,23.3,455.5,-114.3,2.9,-1.8,0,0.077,"BE","MA"
27,"T1",59.2,10.2,44.6,2.2,327.5,42.5,229.7,31.3,436.4,21.8,438.3,-14.1,23.1,1.2,7,0.359,"BE","AC"
8,"T1",52.8,16.6,63.0,-16.2,297.9,72.1,427.7,-166.7,417.9,40.3,371.1,53.1,22.6,-0.3,0,-0.154,"BE","BE"
52,"T1",61.3,8.1,59.3,-12.5,318.1,51.9,365.3,-104.3,462.4,-4.2,389.0,35.2,31.1,0.6,0,-0.022,"BE","CU"
-5,"T1",53.5,15.9,59.7,-12.9,299.2,70.8,278.3,-17.3,483.1,-24.9,498.3,-74.1,-14.1,-0.5,-7,-0.077,"BE","BE"
38,"T1",66.1,3.3,58.6,-11.8,350.3,19.7,276.6,-15.6,480.3,-22.1,554.0,-129.8,-0.5,0.7,-2,0.192,"BE","BE"
-35,"B",58.3,11.1,61.6,-14.8,317.8,52.2,382.2,-121.2,478.3,-20.1,427.9,-3.7,23.6,0.0,0,0.000,"BE","P1"
-30,"T1",48.0,-15.2,64.0,5.6,247.8,-122.2,410.9,4.7,490.6,-32.2,452.1,69.7,22.0,-0.4,0,-0.141,"BE","P1"
-21,"T1",38.2,-5.4,62.6,7.0,195.0,-69.4,464.6,-49.0,473.8,-15.4,429.1,92.7,36.5,-0.3,0,-0.526,"BE","BT"
-41,"T1",34.5,-1.7,74.4,-4.8,175.7,-50.1,505.0,-89.4,418.0,40.4,419.9,101.9,23.2,-1.5,-1,-0.679,"BE","BE"
-24,"T1",38.9,-6.1,67.6,2.0,219.7,-94.1,405.8,9.8,399.8,58.6,512.2,9.6,10.3,-0.1,0,-0.449,"BE","BE"
8,"T1",44.0,-11.2,59.0,10.6,237.5,-111.9,337.8,77.8,460.1,-1.7,478.8,43.0,28.7,-0.8,0,-0.250,"BE","MA"
-31,"T1",39.8,-7.0,69.5,0.1,193.3,-67.7,392.8,22.8,441.3,17.1,490.0,31.8,0.6,-1.2,0,-0.526,"BE","BE"
-21,"T1",35.2,-2.4,71.1,-1.5,177.0,-51.4,355.6,60.0,483.2,-24.8,547.1,-25.3,-13.5,-1.7,0,-0.603,"BE","BE"
38,"T1",68.5,10.7,45.0,-8.8,476.3,118.1,243.3,-17.5,379.2,-61.2,456.4,-78.8,-4.7,1.4,0,0.429,"BE","MA"
41,"T1",70.0,9.2,49.1,-12.9,439.4,155.0,295.8,-70.0,448.0,-130.0,391.3,-13.7,-7.9,-0.3,2,0.231,"BE","CU"
25,"T1",62.8,16.4,39.6,-3.4,454.0,140.4,250.1,-24.3,333.9,-15.9,348.7,28.9,3.7,1.0,7,0.231,"BE","SE"
7,"T1",71.0,8.2,53.3,-17.1,462.5,131.9,259.0,-33.2,410.2,-92.2,530.7,-153.1,-23.1,1.0,0,0.346,"BE","BE"
45,"T1",58.6,20.6,44.6,-8.4,454.6,139.8,274.3,-48.5,353.0,-35.0,374.6,3.0,11.2,0.0,0,0.154,"BE","BE"
-4,"T1",63.8,15.4,40.9,-4.7,427.6,166.8,254.3,-28.5,326.3,-8.3,366.9,10.7,-12.4,1.4,0,0.429,"BE","BE"
20,"B",59.9,19.3,60.4,-24.2,407.5,186.9,303.6,-77.8,387.1,-69.1,447.0,-69.4,-4.6,0.4,0,0.060,"BE","B2"
7,"T1",45.3,10.3,52.1,-8.5,350.6,163.0,326.0,-61.6,382.7,-46.3,450.9,38.3,16.1,-0.4,0,0.000,"BT","BT"
5,"T1",51.0,4.6,51.3,-7.7,390.9,122.7,333.0,-68.6,390.7,-54.3,452.6,36.6,4.8,-0.1,0,0.000,"BT","BT"
-10,"T1",49.2,6.4,49.0,-5.4,413.6,100.0,297.1,-32.7,347.0,-10.6,464.8,24.4,3.0,-0.3,0,0.000,"BT","BT"
11,"T1",56.1,-0.5,53.3,-9.7,461.1,52.5,281.1,-16.7,396.2,-59.8,529.5,-40.3,-23.3,-1.6,0,0.154,"BT","MA"
19,"T1",58.8,-3.2,47.6,-4.0,423.9,89.7,252.0,12.4,411.6,-75.2,552.5,-63.3,-7.5,0.6,0,0.192,"BT","BT"
-32,"B",43.8,11.8,54.4,-10.8,341.0,172.6,329.4,-65.0,357.2,-20.8,482.3,6.9,-24.6,-0.4,0,-0.154,"BT","P1"
17,"T1",60.9,2.5,49.7,7.3,341.2,-26.4,287.5,31.9,461.3,11.5,427.5,59.9,14.4,0.3,0,0.205,"BT","MA"
-13,"T1",53.5,9.9,56.3,0.7,289.6,25.2,416.5,-97.1,481.0,-8.2,411.9,75.5,20.9,0.4,0,-0.154,"BT","BT"
20,"T1",68.4,-5.0,54.7,2.3,386.7,-71.9,321.5,-2.1,525.7,-52.9,489.5,-2.1,32.9,1.4,0,0.455,"BT","BT"
-5,"T1",49.2,14.2,58.8,-1.8,251.2,63.6,353.5,-34.1,450.9,21.9,450.0,37.4,37.0,0.0,0,-0.154,"BT","BT"
18,"T1",60.0,3.4,60.0,-3.0,361.7,-46.9,308.6,10.8,464.4,8.4,528.6,-41.2,-2.4,-1.2,0,0.000,"BT","MA"
3,"T1",58.2,5.2,62.8,-5.8,306.3,8.5,288.5,30.9,476.6,-3.8,550.9,-63.5,19.4,0.1,0,-0.077,"BT","BT"
35,"T1",53.3,-16.3,35.2,2.4,334.1,-81.5,184.8,59.2,451.0,-70.8,458.4,0.0,-41.2,1.2,-1,0.333,"BT","BE"
-18,"T1",47.0,-10.0,50.5,-12.9,286.0,-33.4,279.4,-35.4,433.8,-53.6,465.6,-7.2,-25.6,0.5,0,-0.038,"BT","BT"
4,"T1",40.3,-3.3,46.6,-9.0,258.5,-5.9,378.8,-134.8,434.7,-54.5,397.4,61.0,-4.7,0.9,0,-0.192,"BT","BT"
7,"T1",45.1,-8.1,51.9,-14.3,252.1,0.5,320.2,-76.2,409.8,-29.6,447.8,10.6,1.4,0.6,0,-0.038,"BT","BT"
5,"T1",55.2,-18.2,45.0,-7.4,355.6,-103.0,283.8,-39.8,479.4,-99.2,475.0,-16.6,7.3,1.9,0,0.417,"BT","BT"
-9,"T1",47.4,-10.4,45.7,-8.1,305.4,-52.8,252.4,-8.4,410.3,-30.1,496.8,-38.4,-22.7,1.1,-4,0.083,"BT","MA"
-32,"T1",50.8,3.6,59.6,-16.8,297.7,32.1,408.5,-94.9,469.4,-29.0,394.6,-37.0,-15.3,-0.6,0,0.000,"BT","P1"
38,"T1",56.0,-1.6,37.8,5.0,360.3,-30.5,232.1,81.5,381.8,58.6,345.8,11.8,-26.4,0.1,0,0.442,"BT","IN"
5,"T1",44.7,9.7,51.7,-8.9,258.7,71.1,350.6,-37.0,434.7,5.7,385.1,-27.5,13.1,-0.1,0,0.000,"BT","BT"
11,"T1",58.4,-4.0,45.6,-2.8,360.7,-30.9,313.3,0.3,448.0,-7.6,359.8,-2.2,-16.7,-0.5,0,0.359,"BT","MA"
27,"T1",53.7,0.7,55.7,-12.9,313.8,16.0,285.6,28.0,460.4,-20.0,486.0,-128.4,-4.5,0.0,0,0.077,"BT","BT"
24,"T1",63.9,-9.5,47.6,-4.8,394.2,-64.4,318.6,-5.0,509.5,-69.1,424.6,-67.0,9.0,1.3,0,0.609,"BT","BT"
-11,"T1",40.0,14.4,52.8,-10.0,247.7,82.1,353.7,-40.1,370.4,70.0,375.6,-18.0,11.8,0.3,0,-0.154,"BT","BT"
37,"T1",68.2,-2.0,46.2,7.0,455.0,-58.6,236.1,15.5,449.4,-12.2,435.0,4.4,-24.2,0.5,0,0.372,"BT","CU"
11,"T1",65.2,1.0,56.8,-3.6,406.0,-9.6,249.4,2.2,435.2,2.0,498.5,-59.1,-17.6,0.1,0,-0.077,"BT","MA"
4,"T1",57.3,8.9,49.4,3.8,328.6,67.8,267.2,-15.6,385.9,51.3,397.8,41.6,-31.8,0.5,0,0.122,"BT","BE"
-7,"T1",64.1,2.1,52.4,0.8,365.3,31.1,245.6,6.0,462.0,-24.8,527.6,-88.2,-13.6,0.9,0,0.038,"BT","BT"
25,"T1",61.6,4.6,58.3,-5.1,357.9,38.5,283.2,-31.6,462.3,-25.1,456.1,-16.7,-27.0,-0.1,0,0.000,"BT","BT"
-4,"T1",54.5,11.7,53.8,-0.6,355.0,41.4,290.7,-39.1,397.4,39.8,439.9,-0.5,-3.1,0.0,0,-0.154,"BT","BT"
4,"T1",50.6,15.6,56.9,-3.7,292.0,104.4,319.6,-68.0,433.1,4.1,426.0,13.4,10.0,-0.1,0,-0.154,"BT","BT"
-3,"B",53.5,12.7,54.9,-1.7,273.7,122.7,226.9,24.7,472.5,-35.3,543.6,-104.2,-26.1,-0.4,0,-0.247,"BT","AC"
-1,"T1",58.3,-5.9,66.9,6.5,369.6,-46.0,352.9,105.7,462.4,29.2,568.1,10.5,-23.5,-1.2,0,-0.532,"BT","MA"
6,"T1",51.8,0.6,55.9,17.5,330.3,-6.7,360.0,98.6,452.6,39.0,525.5,53.1,-16.5,-0.9,-2,-0.378,"BT","MA"
-14,"T1",52.7,-0.3,71.0,2.4,310.7,12.9,358.1,100.5,486.0,5.6,596.5,-17.9,-13.5,-1.3,0,-0.532,"BT","BT"
-23,"T1",39.0,13.4,68.1,5.3,244.6,79.0,426.2,32.4,396.0,95.6,486.1,92.5,2.8,-1.0,0,-0.763,"BT","BT"
-27,"T1",48.0,4.4,64.5,8.9,294.0,29.6,486.1,-27.5,490.4,1.2,457.5,121.1,-12.0,-1.0,0,-0.609,"BT","BT"
-7,"T1",49.4,3.0,66.2,7.2,295.9,27.7,430.1,28.5,468.3,23.3,497.3,81.3,-7.2,-1.1,0,-0.609,"BT","BT"
5,"T1",58.0,-6.4,64.5,-2.5,294.0,-54.4,381.2,-47.0,548.7,67.1,496.8,-10.0,0.3,-0.6,0,0.038,"BT","WA"
-6,"T1",59.0,-7.4,48.9,13.1,300.1,-60.5,231.1,103.1,552.0,63.8,450.5,36.3,-17.9,-0.5,0,0.417,"BT","AC"
-12,"T1",47.2,4.4,58.2,3.8,276.6,-37.0,332.0,2.2,486.7,129.1,463.6,23.2,10.5,-0.9,0,-0.192,"BT","BT"
1,"T1",62.5,-10.9,57.2,4.8,349.1,-109.5,328.9,5.3,597.2,18.6,489.2,-2.4,19.5,0.4,0,0.417,"BT","BT"
-11,"T1",44.6,7.0,49.5,12.5,241.8,-2.2,293.4,40.8,537.1,78.7,433.5,53.3,12.2,-1.5,0,0.000,"BT","BT"
3,"T1",54.3,-2.7,62.7,-0.7,279.5,-39.9,324.5,9.7,551.6,64.2,479.8,7.0,-13.4,-1.0,0,-0.038,"BT","BT"
18,"T1",60.6,2.2,34.0,-8.4,380.7,13.1,210.6,-45.0,421.7,-28.1,334.0,-33.6,-21.3,-0.1,0,0.513,"BT","MA"
51,"T1",62.4,0.4,38.6,-13.0,364.0,29.8,202.6,-37.0,440.2,-46.6,458.1,-157.7,-22.3,0.6,0,0.346,"BT","BT"
45,"T1",60.6,2.2,34.4,-8.8,354.2,39.6,283.1,-117.5,425.1,-31.5,316.6,-16.2,-30.1,0.7,0,0.596,"BT","MA"
7,"T1",58.0,4.8,45.9,-20.3,322.7,71.1,281.0,-115.4,416.5,-22.9,368.8,-68.4,-8.7,-0.3,0,0.308,"BT","BT"
21,"T1",54.6,8.2,42.3,-16.7,331.0,62.8,283.6,-118.0,419.3,-25.7,358.2,-57.8,-10.0,-0.1,0,0.154,"BT","BT"
-7,"T1",53.2,9.6,40.6,-15.0,329.1,64.7,339.6,-174.0,441.4,-47.8,318.4,-18.0,-14.8,0.0,0,0.154,"BT","BT"
59,"T1",69.4,-8.8,32.6,2.4,397.6,-10.0,212.9,-25.3,449.9,-37.3,365.1,63.9,-23.1,1.4,0,0.609,"BT","SB"
21,"T1",59.1,1.5,33.9,1.1,389.2,-1.6,169.1,18.5,367.9,44.7,381.5,47.5,-39.5,0.2,0,0.442,"BT","IN"
21,"T1",57.9,2.7,41.7,-6.7,368.5,19.1,223.8,-36.2,437.2,-24.6,432.4,-3.4,-23.9,-0.1,0,0.276,"BT","MA"
20,"T1",49.1,11.5,36.0,-1.0,315.8,71.8,220.1,-32.5,435.5,-22.9,404.6,24.4,-11.4,-0.5,0,0.192,"BT","BT"
31,"T1",53.5,7.1,47.0,-12.0,327.9,59.7,294.6,-107.0,428.8,-16.2,422.5,6.5,-11.3,0.3,0,0.000,"BT","BT"
-20,"T1",43.1,17.5,48.9,-13.9,276.6,111.0,290.7,-103.1,356.5,56.1,411.3,17.7,-1.3,0.4,0,-0.154,"BT","BT"
7,"T1",56.8,3.8,51.8,-16.8,342.7,44.9,222.6,-35.0,446.5,-33.9,521.7,-92.7,-17.6,0.1,0,0.077,"BT","BT"
23,"T1",71.2,-2.6,61.3,-8.3,285.3,-27.7,328.9,-31.1,610.7,3.7,507.2,-26.8,-11.2,-0.3,0,0.044,"BT","MA"
14,"T1",63.1,5.5,42.9,10.1,324.2,-66.6,224.2,73.6,468.8,145.6,407.2,73.2,-21.9,0.1,0,0.365,"BT","IN"
-16,"T1",47.1,21.5,57.9,-4.9,211.6,46.0,345.8,-48.0,457.4,157.0,437.0,43.4,16.3,0.3,0,-0.231,"BT","BT"
25,"T1",53.1,15.5,45.0,8.0,250.8,6.8,275.2,22.6,536.4,78.0,430.3,50.1,6.2,-0.6,0,0.115,"BT","BT"
18,"T1",65.3,3.3,52.3,0.7,295.9,-38.3,268.7,29.1,550.6,63.8,548.1,-67.7,-6.0,0.9,-1,0.115,"BT","BT"
-17,"T1",60.9,7.7,59.6,-6.6,254.6,3.0,347.1,-49.3,526.9,87.5,458.8,21.6,7.6,0.0,0,0.077,"BT","BT"
21,"T1",61.9,-2.9,48.9,-2.5,363.1,38.5,249.8,18.4,463.7,-47.7,542.1,-97.1,-25.3,0.1,0,0.276,"BT","P1"
4,"T1",48.3,10.7,41.7,4.7,322.8,78.8,260.4,7.8,437.2,-21.2,412.6,32.4,-0.1,-0.8,0,0.192,"BT","BT"
3,"T1",56.1,2.9,56.3,-9.9,326.6,75.0,332.3,-64.1,427.7,-11.7,441.1,3.9,1.3,-0.2,0,0.154,"BT","BT"
41,"T1",60.3,-1.3,42.3,4.1,410.9,-9.3,269.6,-1.4,432.2,-16.2,424.9,20.1,-14.2,1.3,0,0.526,"BT","MA"
30,"T1",58.0,1.0,54.9,-8.5,360.5,41.1,291.5,-23.3,451.7,-35.7,458.9,-13.9,-25.7,-0.3,0,0.154,"BT","BT"
16,"T1",50.9,8.1,50.4,-4.0,357.6,44.0,299.0,-30.8,386.8,29.2,442.7,2.3,-1.8,-0.2,0,0.000,"BT","BT"
5,"T1",50.8,-11.6,59.5,10.7,242.9,-22.3,457.8,55.8,503.0,-72.4,425.7,35.9,1.6,-0.2,0,-0.167,"CU","CU"
-39,"T1",48.8,-9.6,69.6,0.6,250.1,-29.5,480.7,32.9,441.1,-10.5,508.8,-47.2,-5.2,0.1,0,-0.449,"CU","CU"
-30,"T1",43.8,-4.6,62.9,7.3,244.6,-24.0,458.4,55.2,447.4,-16.8,418.9,42.7,6.0,-0.4,1,-0.372,"CU","CU"
-14,"T1",46.2,-7.0,71.0,-0.8,243.4,-22.8,491.6,22.0,448.6,-18.0,407.7,53.9,13.3,-0.5,0,-0.548,"CU","CU"
-3,"T1",61.2,10.6,63.8,-10.6,328.2,141.4,340.6,-74.4,454.7,-100.9,488.7,-22.1,-6.9,0.0,7,-0.055,"CU","B2"
36,"T1",68.1,3.7,55.8,-2.6,437.3,32.3,270.9,-4.7,415.9,-62.1,539.1,-72.5,-4.6,-0.7,0,0.176,"CU","CU"
18,"T1",71.7,0.1,50.4,2.8,463.2,6.4,384.7,-118.5,395.2,-41.4,388.8,77.8,-3.3,0.5,0,0.464,"CU","SB"
21,"T1",69.3,2.5,67.7,-14.5,420.0,49.6,306.0,-39.8,443.5,-89.7,604.3,-137.7,-16.8,0.5,0,0.000,"CU","CU"
34,"T1",70.1,1.7,51.4,1.8,425.8,43.8,274.9,-8.7,436.7,-82.9,504.4,-37.8,-0.6,0.9,-1,0.464,"CU","CU"
16,"T1",73.0,-1.2,60.2,-7.0,437.7,31.9,280.8,-14.6,478.7,-124.9,508.5,-41.9,-29.6,-0.6,0,0.381,"CU","CU"
3,"T1",55.5,6.5,51.6,9.2,325.4,40.4,241.4,43.0,409.8,-4.8,515.2,62.8,8.4,1.8,0,0.282,"CU","AC"
-7,"T1",55.2,6.8,58.2,2.6,317.2,48.6,343.8,-59.4,434.6,-29.6,477.1,100.9,9.1,1.3,0,0.077,"CU","CU"
14,"T1",57.6,4.4,66.3,-5.5,316.0,49.8,377.0,-92.6,435.8,-30.8,465.9,112.1,16.4,1.2,0,-0.099,"CU","CU"
-14,"T1",59.2,2.8,51.2,9.6,369.3,-3.5,231.5,52.9,410.0,-5.0,534.7,43.3,9.9,2.7,-7,0.199,"CU","AC"
35,"T1",66.1,-4.1,50.0,10.8,439.7,-73.9,252.5,31.9,433.3,-28.3,504.3,73.7,3.1,1.7,0,0.449,"CU","CU"
23,"T1",62.2,-0.2,54.8,6.0,315.5,50.3,343.2,-58.8,490.2,-85.2,483.9,94.1,4.7,1.5,7,0.282,"CU","CU"
3,"B",52.6,9.4,72.8,-12.0,313.7,52.1,327.1,-42.7,409.7,-4.7,571.5,6.5,13.9,1.2,0,-0.154,"CU","WA"
11,"T1",65.3,3.7,54.5,3.9,431.2,16.6,306.5,-26.9,485.9,70.1,438.0,13.6,30.1,-0.5,-7,0.365,"CU","MW"
-2,"T1",64.9,4.1,60.2,-1.8,366.1,81.7,322.7,-43.1,567.0,-11.0,428.3,23.3,2.1,-1.8,0,0.000,"CU","CU"
8,"T1",77.4,-8.4,60.6,-2.2,422.3,25.5,250.7,28.9,590.4,-34.4,518.9,-67.3,2.5,-0.4,-3,0.365,"CU","CU"
10,"T1",74.3,-5.3,57.5,0.9,421.2,26.6,310.0,-30.4,579.4,-23.4,477.9,-26.3,-19.2,0.3,0,0.532,"CU","CU"
7,"T1",68.7,0.3,54.0,4.4,414.9,32.9,281.6,-2.0,537.8,18.2,496.9,-45.3,17.9,0.3,0,0.365,"CU","CU"
-7,"B",53.2,15.8,55.3,3.1,327.4,120.4,304.8,-25.2,498.2,57.8,447.4,4.2,6.7,0.1,0,0.000,"CU","MW"
-25,"T1",42.9,6.7,73.8,-5.4,254.7,28.9,488.2,-106.2,459.9,82.3,418.8,100.8,-7.9,-1.8,0,-0.596,"CU","BE"
-9,"T1",49.0,0.6,62.0,6.4,276.1,7.5,392.6,-10.6,503.2,39.0,447.9,71.7,-6.7,-0.8,0,-0.288,"CU","CU"
13,"T1",67.7,-18.1,65.6,2.8,340.2,-56.6,301.9,80.1,583.5,-41.3,552.9,-33.3,-15.4,-0.7,-1,0.000,"CU","CU"
19,"T1",55.2,-5.6,65.2,3.2,284.0,-0.4,373.9,8.1,560.1,-17.9,462.3,57.3,-15.8,-2.1,0,-0.365,"CU","CU"
7,"T1",59.9,-10.3,53.8,14.6,398.6,-115.0,301.3,80.7,501.9,40.3,475.1,44.5,-12.7,-0.4,0,0.083,"CU","CU"
-2,"T1",57.7,0.7,52.3,12.1,336.9,-61.3,334.0,71.0,530.1,81.5,452.8,25.2,-0.3,1.7,0,0.288,"CU","SE"
3,"T1",63.4,-5.0,57.0,7.4,328.8,-53.2,344.3,60.7,565.6,46.0,510.1,-32.1,4.0,1.6,-5,0.288,"CU","CU"
-14,"T1",57.4,1.0,57.9,6.5,337.6,-62.0,337.3,67.7,521.1,90.5,441.1,36.9,-22.8,-0.1,4,0.122,"CU","SB"
-16,"T1",59.6,-1.2,63.2,1.2,280.0,-4.4,385.4,19.6,594.8,16.8,441.5,36.5,-11.8,-0.5,0,-0.077,"CU","CU"
16,"T1",64.3,-5.9,51.8,12.6,394.6,-119.0,312.8,92.2,536.6,75.0,454.3,23.7,-8.7,1.2,0,0.372,"CU","CU"
3,"T1",69.0,-10.6,60.5,3.9,335.1,-59.5,372.7,32.3,607.2,4.4,491.1,-13.1,-33.1,1.6,0,0.455,"CU","CU"
-35,"T1",57.3,5.5,83.8,2.0,287.9,-66.1,257.7,139.1,481.5,104.7,782.7,-157.9,-13.0,0.3,0,-0.442,"CU","B2"
-3,"T1",63.6,-0.8,72.1,13.7,313.4,-91.6,336.2,60.6,532.1,54.1,618.2,6.6,11.4,-0.9,0,-0.288,"CU","CU"
8,"T1",68.5,-5.7,76.5,9.3,313.8,-92.0,346.1,50.7,594.9,-8.7,587.6,37.2,-13.6,-0.8,0,-0.083,"CU","CU"
-14,"T1",62.6,0.2,67.3,18.5,243.5,-21.7,399.4,-2.6,580.8,5.4,507.3,117.5,4.3,0.1,0,-0.083,"CU","CU"
-5,"T1",64.8,-2.0,84.0,1.8,296.1,-74.3,371.3,25.5,559.7,26.5,683.4,-58.6,-0.8,0.3,0,-0.464,"CU","CU"
-40,"T1",54.2,2.4,80.7,-1.1,347.2,-6.8,256.6,138.0,440.5,63.7,771.7,-168.9,8.7,-0.4,0,-0.609,"CU","B2"
14,"T1",73.4,-16.8,64.6,15.0,399.9,-59.5,316.1,78.5,508.9,-4.7,591.1,11.7,6.3,0.1,-2,-0.083,"CU","SB"
-3,"T1",65.4,-8.8,73.4,6.2,373.1,-32.7,345.0,49.6,553.9,-49.7,576.6,26.2,8.1,-1.5,0,-0.250,"CU","CU"
-7,"T1",59.5,-2.9,64.2,15.4,302.8,37.6,398.3,-3.7,539.8,-35.6,496.3,106.5,26.0,-0.6,0,-0.250,"CU","CU"
-1,"T1",71.2,-14.6,71.2,8.4,368.6,-28.2,308.2,86.4,564.5,-60.3,594.5,8.3,21.7,-0.7,-1,-0.167,"CU","CU"
-29,"T1",54.9,1.7,75.7,3.9,303.3,37.1,432.1,-37.5,485.4,18.8,478.3,124.5,37.7,-0.9,0,-0.631,"CU","CU"
-2,"T1",70.7,-15.1,55.6,-7.2,400.0,3.2,245.2,23.4,500.5,-124.3,525.2,-61.0,-8.7,0.1,-5,0.288,"CU","CU"
21,"T1",67.6,-12.0,52.5,-4.1,398.9,4.3,304.5,-35.9,489.5,-113.3,484.2,-20.0,-30.4,0.8,-4,0.455,"CU","CU"
-17,"T1",54.4,1.2,60.1,-11.7,334.7,68.5,369.1,-100.5,421.4,-45.2,409.0,55.2,7.3,-0.1,-1,-0.176,"CU","CU"
-3,"T1",60.0,-4.4,53.4,-5.0,404.1,-0.9,272.1,-3.5,427.1,-50.9,537.9,-73.7,2.7,-0.8,0,0.000,"CU","CU"
6,"T1",55.4,0.2,48.4,0.0,366.6,36.6,310.3,-41.7,385.4,-9.2,435.9,28.3,-1.7,0.3,-2,0.122,"CU","SB"
4,"T1",52.6,14.6,61.8,12.4,270.2,25.2,338.8,67.0,472.6,77.8,538.0,65.6,30.5,0.7,0,-0.359,"CU","MW"
1,"T1",67.0,0.2,78.2,-4.0,332.9,-37.5,375.8,30.0,541.8,8.6,672.8,-69.2,12.8,1.1,0,-0.381,"CU","CU"
-3,"T1",64.0,3.2,68.1,6.1,289.9,5.5,385.8,20.0,564.2,-13.8,504.3,99.3,13.2,-0.6,0,-0.282,"CU","CU"
-3,"T1",62.8,4.4,71.6,2.6,287.5,7.9,426.8,-21.0,501.0,49.4,579.8,23.8,11.1,1.2,7,-0.282,"CU","CU"
-26,"T1",57.8,9.4,64.9,9.3,282.0,13.4,404.5,1.3,507.3,43.1,489.9,113.7,22.3,0.7,0,-0.205,"CU","CU"
-21,"T1",47.6,1.2,52.7,9.7,357.8,44.2,269.8,-4.6,369.8,20.0,447.6,127.8,6.9,-0.2,5,-0.282,"CU","SE"
-24,"T1",53.6,-4.8,65.7,-3.3,340.8,61.2,356.5,-91.3,420.7,-30.9,565.7,9.7,-6.8,0.3,-7,-0.282,"CU","CU"
-25,"T1",44.3,4.5,69.8,-7.4,307.1,94.9,346.7,-81.5,377.6,12.2,513.0,62.4,9.4,-1.7,0,-0.524,"CU","SE"
-1,"T1",56.6,-7.8,60.4,2.0,403.5,-1.5,270.4,-5.2,433.9,-44.1,593.5,-18.1,7.1,-1.0,0,-0.205,"CU","CU"
-24,"T1",57.8,-9.0,72.3,-9.9,386.2,15.8,305.5,-40.3,461.5,-71.7,658.7,-83.3,-5.1,0.2,0,-0.381,"CU","CU"
15,"T1",61.5,-12.7,64.8,-2.4,403.9,-1.9,280.3,-15.1,496.7,-106.9,562.9,12.5,-17.9,-0.9,0,0.000,"CU","CU"
8,"T1",59.6,22.6,63.5,3.3,270.4,75.4,329.6,40.8,581.4,160.6,565.0,-31.8,12.9,0.1,7,-0.132,"CU","MW"
-41,"T1",61.4,20.8,75.7,-8.9,283.2,62.6,375.9,-5.5,599.1,142.9,524.8,8.4,3.7,-1.0,0,-0.071,"CU","B2"
8,"T1",76.2,6.0,53.0,13.8,429.7,-83.9,295.5,74.9,601.8,140.2,481.9,51.3,3.5,0.0,-6,0.548,"CU","CU"
7,"T1",75.3,6.9,58.2,8.6,363.9,-18.1,327.0,43.4,630.8,111.2,537.7,-4.5,16.2,0.4,-4,0.464,"CU","CU"
6,"T1",80.9,1.3,61.7,5.1,370.2,-24.4,355.4,15.0,672.4,69.6,518.7,14.5,-20.9,0.4,0,0.631,"CU","CU"
49,"T1",70.3,11.9,67.9,-1.1,312.7,33.1,409.1,-38.7,596.8,145.2,544.6,-11.4,-1.7,0.1,1,0.099,"CU","CU"
-19,"N",67.7,14.5,69.3,-2.5,306.0,39.8,420.0,-49.6,604.3,137.7,443.5,89.7,16.8,-0.5,0,0.000,"CU","CU"
-8,"N",46.1,-12.3,51.5,9.1,271.2,-96.4,361.3,105.7,413.0,-36.8,373.8,6.2,-12.1,-0.7,0,-0.083,"IN","MA"
16,"T1",43.1,-9.3,46.7,13.9,252.1,-77.3,326.8,140.2,386.9,-10.7,397.6,-17.6,-12.7,-0.8,0,-0.083,"IN","MA"
3,"T1",48.1,-14.3,54.7,5.9,220.0,-45.2,434.5,32.5,475.8,-99.6,384.9,-4.9,-22.1,-0.6,0,-0.083,"IN","CU"
-35,"T1",39.4,-5.6,63.1,-2.5,244.3,-69.5,431.5,35.5,358.7,17.5,441.3,-61.3,-31.8,-0.4,0,-0.365,"IN","BE"
-10,"T1",50.3,-16.5,71.4,-10.8,272.6,-97.8,406.4,60.6,454.7,-78.5,561.0,-181.0,-27.2,-0.4,1,-0.464,"IN","CU"
-3,"T1",67.6,11.0,67.9,4.9,553.1,144.5,324.7,26.9,323.3,-132.7,548.3,-21.5,-42.5,-1.6,1,0.077,"IN","MA"
3,"T1",72.5,6.1,54.3,18.5,529.1,168.5,239.8,111.8,339.4,-148.8,470.5,56.3,-44.6,0.1,0,0.532,"IN","AC"
11,"T1",60.4,18.2,66.3,6.5,485.3,212.3,475.3,-123.7,327.5,-136.9,383.2,143.6,-9.3,-1.0,0,-0.077,"IN","MW"
-20,"T1",61.5,17.1,64.2,8.6,458.2,239.4,319.0,32.6,326.3,-135.7,460.6,66.2,-13.9,-0.9,1,-0.077,"IN","AC"
11,"T1",70.1,8.5,55.5,17.3,558.9,138.7,311.3,40.3,319.5,-128.9,465.8,61.0,-28.6,1.2,0,0.449,"IN","MA"
35,"N",69.6,9.0,53.3,19.5,582.3,115.3,263.2,88.4,285.3,-94.7,451.5,75.3,-13.6,0.6,0,0.365,"IN","IN"
-3,"B",56.1,22.5,62.6,10.2,493.1,204.5,343.3,8.3,279.5,-88.9,465.6,61.2,-29.1,-1.0,0,-0.077,"IN","MW"
-30,"T1",37.2,-4.4,55.0,2.6,189.8,-39.2,394.7,-3.9,382.9,-48.9,347.2,-24.0,8.9,0.3,0,-0.288,"IN","AC"
-17,"T1",43.0,-10.2,61.9,-4.3,201.1,-50.5,393.6,-2.8,386.7,-52.7,380.2,-57.0,29.5,-0.1,0,-0.288,"IN","BT"
-13,"T1",36.8,-4.0,57.1,0.5,150.8,-0.2,296.5,94.3,420.9,-86.9,485.5,-162.3,3.4,-0.5,0,-0.536,"IN","AC"
-38,"T1",32.4,0.4,61.4,-3.8,159.5,-8.9,392.6,-1.8,356.0,-22.0,399.3,-76.1,-1.2,-0.2,0,-0.596,"IN","P1"
-2,"T1",52.8,-20.0,68.1,-10.5,251.1,-100.5,544.2,-153.4,430.4,-96.4,256.9,66.3,42.6,0.2,7,-0.365,"IN","IN"
-17,"T1",37.5,-4.7,58.7,-1.1,211.8,-61.2,494.9,-104.1,399.2,-65.2,281.4,41.8,33.3,-0.8,0,-0.442,"IN","MW"
21,"T1",49.6,-16.8,46.7,10.9,255.6,-105.0,259.4,131.4,411.1,-77.1,368.7,-45.5,-2.0,0.3,0,0.167,"IN","AC"
-4,"T1",57.8,8.6,54.8,-13.2,442.4,52.0,317.6,-47.6,344.8,-21.4,454.9,-85.7,3.6,0.2,0,-0.083,"IN","SB"
7,"T1",50.4,-8.0,50.8,7.6,285.1,-29.5,384.1,-16.5,412.1,-44.5,391.3,58.5,-8.8,0.8,0,0.083,"MA","MA"
-4,"T1",47.4,-5.0,45.6,12.8,292.5,-36.9,277.1,90.5,382.6,-15.0,432.5,17.3,-0.6,-0.1,0,0.000,"MA","MA"
11,"T1",51.1,-8.7,59.7,-1.3,314.2,-58.6,334.6,33.0,404.9,-37.3,438.6,11.2,-27.3,-0.3,0,-0.167,"MA","MA"
-3,"T1",58.1,-15.7,64.0,-5.6,284.3,-28.7,363.8,3.8,487.3,-119.7,491.9,-42.1,-6.2,-0.5,2,-0.238,"MA","MA"
-1,"T1",57.1,5.9,47.5,9.1,317.4,-19.6,335.0,73.6,491.7,78.1,464.2,-8.2,18.8,1.7,0,0.077,"MA","MA"
35,"T1",59.1,3.9,52.5,4.1,323.6,-25.8,334.3,74.3,515.8,54.0,445.9,10.1,15.5,1.1,0,0.122,"MA","MA"
-20,"T1",68.4,-5.4,63.1,-6.5,305.4,-7.6,384.3,24.3,588.4,-18.6,495.0,-39.0,10.6,1.0,0,-0.033,"MA","MA"
23,"T1",52.3,10.7,61.5,-4.9,283.9,13.9,451.5,-42.9,469.5,100.3,389.7,66.3,-2.6,1.3,-7,-0.045,"MA","IN"
21,"T1",70.7,-7.7,61.2,-4.6,363.8,-66.0,413.5,-4.9,514.1,55.7,467.3,-11.3,10.7,1.3,0,0.122,"MA","MA"
13,"T1",56.4,4.0,48.5,15.7,288.3,-41.1,301.1,114.5,477.6,80.0,424.2,9.0,4.4,0.0,7,0.282,"MA","MA"
20,"T1",51.0,9.4,65.3,-1.1,258.6,-11.4,455.0,-39.4,463.4,94.2,378.3,54.9,-14.4,-0.1,-2,0.032,"MA","IN"
-11,"T1",60.1,0.3,62.6,1.6,310.0,-62.8,358.6,57.0,499.9,57.7,430.3,2.9,-22.3,-0.2,0,0.115,"MA","MA"
24,"T1",59.4,1.0,53.3,10.9,307.4,-60.2,335.6,80.0,503.7,53.9,400.4,32.8,5.0,0.1,0,0.282,"MA","MA"
27,"T1",69.4,-9.0,65.0,-0.8,338.5,-91.3,417.0,-1.4,508.0,49.6,455.9,-22.7,-1.1,-0.1,-4,0.199,"MA","MA"
-56,"B",63.6,-3.2,73.2,-9.0,308.8,-61.6,380.7,34.9,545.4,12.2,587.6,-154.4,-10.1,0.4,0,-0.099,"MA","CU"
-13,"T1",61.2,-12.8,45.8,9.4,312.3,-52.3,252.5,96.9,497.2,-61.4,504.3,-42.5,1.9,1.8,0,0.167,"MA","B2"
21,"T1",54.1,-5.7,58.1,-2.9,316.4,-56.4,325.5,23.9,439.0,-3.2,444.6,17.2,-26.0,0.1,0,-0.083,"MA","MA"
10,"T1",63.4,-15.0,60.5,-5.3,344.9,-84.9,383.9,-34.5,447.1,-11.3,470.2,-8.4,-4.8,0.2,0,0.000,"MA","MA"
16,"T1",53.4,-5.0,48.8,6.4,313.8,-53.8,302.5,46.9,442.8,-7.0,414.7,47.1,1.3,0.4,-7,0.083,"MA","MA"
-14,"T1",56.3,-7.9,57.8,-2.6,337.8,-77.8,298.3,51.1,434.5,1.3,509.7,-47.9,-3.7,0.3,6,-0.199,"MA","MA"
21,"T1",74.0,-4.4,69.8,4.0,394.9,-34.9,365.7,-52.7,496.2,37.8,542.8,64.2,0.1,0.3,0,0.155,"MA","MA"
25,"T1",65.6,4.0,56.0,17.8,390.1,-30.1,292.0,21.0,491.2,42.8,505.9,101.1,3.3,1.8,0,0.405,"MA","MA"
24,"T1",65.1,4.5,53.8,20.0,413.5,-53.5,243.9,69.1,457.0,77.0,491.6,115.4,18.3,1.2,0,0.321,"MA","IN"
-3,"T1",66.0,3.6,61.1,12.7,375.8,-15.8,313.0,0.0,494.8,39.2,484.5,122.5,-1.0,-0.2,3,0.238,"MA","MA"
25,"N",60.4,9.2,56.1,17.7,348.5,11.5,287.2,25.8,473.8,60.2,539.7,67.3,8.2,0.7,1,0.110,"MA","MA"
-3,"B",61.3,8.3,71.2,2.6,328.9,31.1,285.3,27.7,507.2,26.8,610.7,-3.7,11.2,0.3,0,-0.044,"MA","BT"
-22,"T1",52.5,-4.1,62.7,-0.3,360.8,-47.8,344.7,46.9,409.0,-47.0,512.7,-57.1,-9.6,-0.8,-2,-0.205,"MA","MA"
-12,"N",55.2,-6.8,57.0,5.4,323.6,-10.6,315.6,76.0,424.4,-62.4,535.7,-80.1,6.2,1.4,0,-0.167,"MA","BT"
17,"T1",53.1,-4.7,58.1,4.3,335.6,-22.6,326.2,65.4,401.2,-39.2,495.4,-39.8,-4.3,1.0,1,-0.083,"MA","MA"
-7,"T1",56.3,-7.9,61.4,1.0,364.3,-51.3,319.4,72.2,397.6,-35.6,506.6,-51.0,2.2,0.6,-1,-0.282,"MA","MA"
-7,"T1",47.2,-4.0,48.4,10.0,368.8,31.8,288.0,26.6,373.2,-40.4,464.5,-7.9,10.8,-0.6,0,-0.212,"MA","MA"
-11,"T1",53.7,-10.5,59.4,-1.0,408.1,-7.5,280.9,33.7,383.0,-50.2,507.1,-50.5,3.8,-0.9,0,-0.365,"MA","MA"
-9,"T1",58.5,-15.3,64.0,-5.6,356.8,43.8,337.3,-22.7,469.9,-137.1,495.3,-38.7,2.6,-1.3,0,-0.321,"MA","MA"
-7,"T1",49.2,-6.0,53.4,5.0,375.0,25.6,287.3,27.3,397.3,-64.5,446.2,10.4,7.5,-1.2,0,-0.167,"MA","MA"
-37,"T1",38.0,0.4,61.9,-10.7,244.9,16.5,316.3,20.7,490.2,-17.8,493.0,-79.4,-45.5,-1.5,-2,-0.308,"MA","BE"
3,"T1",54.0,-15.6,42.0,9.2,338.5,-77.1,231.3,105.7,497.1,-24.7,436.0,-22.4,-32.0,0.2,0,0.295,"MA","BE"
33,"T1",51.3,-12.9,55.8,-4.6,338.5,-77.1,292.1,44.9,452.8,19.6,485.6,-72.0,-7.0,-0.3,0,-0.154,"MA","MA"
3,"T1",46.8,-8.4,49.8,1.4,305.4,-44.0,298.5,38.5,467.1,5.3,424.7,-11.1,-3.3,-0.6,0,0.045,"MA","MA"
7,"T1",48.4,-10.0,46.8,4.4,314.5,-53.1,296.3,40.7,461.1,11.3,390.6,23.0,-2.0,-0.2,4,0.128,"MA","MA"
-13,"N",37.9,0.3,49.3,12.3,257.5,13.5,336.4,83.8,431.6,-26.8,414.3,34.1,14.1,-2.1,0,-0.333,"MA","BT"
-2,"T1",50.3,-12.1,55.0,6.6,331.3,-60.3,366.6,53.6,430.2,-25.4,405.2,43.2,-4.3,-2.0,0,-0.167,"MA","MA"
-4,"T1",48.0,-9.8,57.7,3.9,314.6,-43.6,340.5,79.7,422.6,-17.8,491.8,-43.4,-8.6,-1.0,0,-0.250,"MA","MA"
7,"T1",48.3,-10.1,52.4,9.2,292.8,-21.8,410.4,9.8,430.7,-25.9,390.6,57.8,-5.9,-0.5,0,-0.083,"MA","MA"
-6,"T1",47.4,-9.2,62.3,-0.7,339.8,-68.8,359.0,61.2,430.4,-25.6,509.1,-60.7,-13.9,-2.8,-4,-0.372,"MA","MA"
-1,"T1",56.4,4.6,49.3,10.5,273.6,28.0,316.2,56.6,423.0,4.4,414.0,28.2,16.7,1.2,0,0.083,"MA","MW"
-8,"T1",59.7,1.3,51.5,8.3,308.1,-6.5,386.7,-13.9,442.0,-14.6,387.5,54.7,18.5,1.1,0,0.250,"MA","MA"
6,"T1",61.7,-0.7,54.1,5.7,346.6,-45.0,342.9,29.9,441.5,-14.1,402.1,40.1,20.1,-0.4,0,0.167,"MA","MA"
16,"T1",56.7,4.3,46.3,13.5,315.5,-13.9,279.7,93.1,412.5,14.9,428.7,13.5,26.7,0.2,-7,0.167,"MA","MA"
9,"T1",56.1,4.9,49.1,10.7,319.3,-17.7,317.1,55.7,420.5,6.9,457.3,-15.1,29.3,0.5,4,0.038,"MA","MA"
-11,"T1",52.8,-20.0,65.5,-13.1,269.1,-82.5,513.5,-184.1,471.0,-55.8,294.1,103.5,26.3,0.2,0,-0.282,"MA","IN"
-35,"T1",44.0,-11.2,50.4,2.0,268.0,-81.4,294.7,34.7,438.5,-23.3,416.7,-19.1,-0.7,-0.3,-1,-0.083,"MA","MA"
1,"T1",47.2,-14.4,45.3,7.1,303.4,-116.8,300.2,29.2,431.8,-16.6,401.2,-3.6,-2.3,1.4,0,0.167,"MA","MA"
7,"T1",42.0,-9.2,45.4,7.0,261.8,-75.2,295.4,34.0,414.4,0.8,435.0,-37.4,2.6,0.3,0,-0.128,"MA","MA"
-31,"T1",33.9,-1.1,56.5,-4.1,187.1,-0.5,358.5,-29.1,422.1,-6.9,405.1,-7.5,23.2,-0.2,1,-0.359,"MA","BT"
10,"T1",45.6,-12.8,47.8,4.6,250.6,-64.0,365.0,-35.6,435.9,-20.7,365.2,32.4,-8.2,0.9,0,0.083,"MA","MA"
-28,"T1",59.4,6.4,73.5,4.9,358.1,60.3,343.7,86.1,479.5,-0.9,536.4,-78.0,11.1,0.0,0,-0.199,"MA","BT"
1,"T1",64.7,1.1,57.4,21.0,345.3,73.1,338.6,91.2,493.6,-15.0,432.5,25.9,14.4,0.7,0,0.167,"MA","B2"
-14,"T1",61.8,4.0,66.1,12.3,388.3,30.1,345.3,84.5,459.5,19.1,496.8,-38.4,-5.4,0.5,0,0.000,"MA","MA"
3,"T1",62.8,3.0,69.7,8.7,395.6,22.8,365.7,64.1,460.4,18.2,442.9,15.5,-21.2,-0.1,0,-0.083,"MA","MA"
49,"T1",63.7,2.1,58.3,20.1,419.3,-0.9,350.4,79.4,463.5,15.1,431.6,26.8,3.2,1.5,0,0.250,"MA","MA"
24,"T1",64.1,1.7,63.4,15.0,405.0,13.4,371.4,58.4,467.1,11.5,410.2,48.2,-1.1,-0.5,0,0.083,"MA","MA"
-10,"T1",55.4,-1.6,60.6,-2.8,290.1,-29.3,336.5,21.7,511.3,23.9,456.6,-16.2,-2.9,-0.6,0,-0.122,"MA","BT"
-1,"T1",56.1,-2.3,50.1,7.7,314.2,-53.4,306.9,51.3,492.5,42.7,404.0,36.4,11.5,-0.3,0,0.083,"MA","MA"
-4,"T1",55.2,-1.4,60.4,-2.6,334.7,-73.9,328.0,30.2,495.6,39.6,505.1,-64.7,-5.3,-1.8,0,-0.122,"MA","MA"
-3,"T1",63.8,-10.0,63.7,-5.9,286.9,-26.1,359.1,-0.9,571.1,-35.9,487.2,-46.8,5.3,-0.8,0,-0.155,"MA","MA"
13,"T1",53.1,0.7,45.3,12.5,295.1,-34.3,272.4,85.8,466.4,68.8,427.8,12.6,10.9,-0.4,0,0.083,"MA","MA"
3,"T1",48.6,11.2,47.2,-5.0,403.0,196.0,301.5,-28.5,340.0,-100.4,453.8,10.6,-26.5,1.4,0,0.077,"MW","MW"
17,"T1",58.5,1.3,39.3,2.9,483.1,115.9,277.2,-4.2,323.1,-83.5,444.7,19.7,-36.1,0.8,0,0.526,"MW","MW"
8,"T1",55.8,4.0,40.5,1.7,422.3,176.7,266.3,6.7,329.1,-89.5,425.1,39.3,-27.0,1.8,0,0.276,"MW","MW"
20,"T1",60.2,-0.4,38.0,4.2,533.0,66.0,223.9,49.1,309.8,-70.2,420.3,44.1,-4.3,1.6,-5,0.442,"MW","IN"
32,"T1",64.3,-4.5,46.2,-4.0,541.0,58.0,240.4,32.6,376.5,-136.9,504.9,-40.5,-14.8,0.3,0,0.359,"MW","MW"
-6,"B",56.7,3.1,50.4,-8.2,463.7,135.3,302.0,-29.0,334.1,-94.5,471.4,-7.0,-25.7,1.1,0,0.154,"MW","P1"
13,"T1",56.9,3.3,46.5,-9.5,282.4,6.4,174.3,20.7,532.6,64.2,518.9,-98.1,-11.4,-0.4,0,0.429,"MW","P1"
25,"T1",51.2,9.0,48.4,-11.4,280.9,7.9,397.0,-202.0,530.6,66.2,330.2,90.6,18.6,-1.3,-2,0.154,"MW","MW"
19,"T1",60.9,-0.7,43.8,-6.8,351.7,-62.9,264.2,-69.2,506.3,90.5,422.6,-1.8,15.5,-0.5,7,0.596,"MW","MW"
5,"T1",48.8,11.4,44.6,-7.6,247.9,40.9,262.5,-67.5,518.6,78.2,432.0,-11.2,-7.9,0.1,0,0.231,"MW","MW"
7,"T1",46.9,13.3,44.7,-7.7,288.7,0.1,265.0,-70.0,482.6,114.2,412.6,8.2,-1.2,-1.3,0,0.154,"MW","MW"
-6,"T1",52.1,-1.5,60.1,1.5,330.9,2.5,372.8,41.8,426.5,-2.1,447.1,-31.3,-22.6,0.3,0,-0.288,"MW","P1"
-4,"T1",59.7,-9.1,55.9,5.7,408.2,-74.8,311.2,103.4,468.9,-44.5,480.6,-64.8,-11.7,-0.5,0,-0.083,"MW","MW"
-24,"T1",46.4,4.2,60.7,0.9,303.2,30.2,506.8,-92.2,444.4,-20.0,327.7,88.1,3.1,-0.8,0,-0.442,"MW","MW"
-24,"T1",42.1,8.5,57.0,4.6,311.0,22.4,374.8,39.8,396.4,28.0,410.1,5.7,-16.7,-0.8,-2,-0.442,"MW","MW"
8,"T1",51.2,-0.6,50.2,11.4,289.5,43.9,337.1,77.5,421.5,2.9,400.8,15.0,-23.9,1.0,0,-0.167,"MW","MW"
-7,"T1",41.4,-5.0,58.1,-0.9,274.8,6.6,384.4,-17.2,435.0,-10.0,411.3,-4.7,31.0,0.1,2,-0.526,"MW","BT"
-35,"T1",43.7,-7.3,72.0,-14.8,274.5,6.9,256.2,111.0,426.5,-1.5,642.8,-236.2,0.3,0.5,0,-0.756,"MW","WA"
27,"T1",35.0,1.4,54.8,2.4,285.0,-3.6,351.1,16.1,396.7,28.3,405.5,1.1,16.3,-0.8,0,-0.526,"MW","MW"
-10,"T1",36.7,-0.3,58.7,-1.5,238.2,43.2,328.0,39.2,422.9,2.1,501.7,-95.1,17.5,0.5,-7,-0.679,"MW","MW"
-25,"T1",49.0,-12.6,53.9,3.3,348.0,-66.6,350.3,16.9,420.4,4.6,415.5,-8.9,33.0,0.0,0,-0.083,"MW","MW"
-8,"T1",52.6,-16.2,53.7,3.5,382.2,-100.8,287.5,79.7,469.2,-44.2,476.0,-69.4,21.3,-0.5,7,-0.167,"MW","MW"
10,"T1",60.9,-11.5,43.0,-5.0,303.9,-32.1,214.0,31.0,498.1,-25.7,529.3,-134.5,-2.4,1.1,-2,0.385,"MW","WA"
-7,"T1",43.2,6.2,49.1,-11.1,233.4,38.4,266.9,-21.9,446.6,25.8,495.8,-101.0,-4.8,0.5,0,-0.154,"MW","MW"
3,"T1",45.8,3.6,48.9,-10.9,272.4,-0.6,422.0,-177.0,468.4,4.0,317.2,77.6,13.8,-0.8,0,0.000,"MW","MW"
3,"T1",55.5,-6.1,44.3,-6.3,343.2,-71.4,289.2,-44.2,444.1,28.3,409.6,-14.8,10.7,0.0,0,0.442,"MW","MW"
21,"T1",53.3,-3.9,37.2,0.8,319.5,-47.7,263.2,-18.2,439.5,32.9,409.9,-15.1,-22.3,0.0,0,0.526,"MW","MW"
-28,"N",57.5,-7.3,60.1,8.7,266.2,-58.4,357.2,125.8,528.4,17.0,576.3,-62.9,-15.6,0.7,7,-0.083,"MW","P1"
-29,"T1",43.9,6.3,70.7,-1.9,218.1,-10.3,389.3,93.7,526.7,18.7,542.9,-29.5,-45.1,-0.7,0,-0.436,"MW","BE"
-3,"T1",44.1,6.1,59.1,9.7,226.4,-18.6,377.4,105.6,470.1,75.3,492.9,20.5,1.0,0.5,0,-0.359,"MW","MW"
3,"T1",51.0,-0.8,53.8,15.0,226.7,-18.9,371.3,111.7,482.0,63.4,449.6,63.8,-12.2,1.5,7,-0.083,"MW","MW"
-12,"T1",43.8,6.4,60.5,8.3,207.4,0.4,406.5,76.5,492.9,52.5,478.3,35.1,-11.7,1.1,0,-0.282,"MW","MW"
-21,"T1",43.6,6.6,64.5,4.3,201.4,6.4,385.9,97.1,483.1,62.3,555.1,-41.7,-3.8,1.0,0,-0.513,"MW","MW"
27,"T1",63.1,-10.9,36.9,0.5,347.3,-17.3,181.3,25.7,500.9,-57.7,493.6,-53.2,10.7,0.9,0,0.365,"MW","B2"
14,"T1",65.9,-13.7,47.0,-9.6,362.3,-32.3,273.7,-66.7,523.0,-79.8,472.3,-31.9,-25.9,0.2,2,0.532,"MW","CU"
12,"T1",56.9,-4.7,44.0,-6.6,372.3,-42.3,270.2,-63.2,429.5,13.7,432.4,8.0,23.4,-0.6,0,0.365,"MW","MW"
-7,"T1",42.9,9.3,44.9,-7.5,309.3,20.7,271.0,-64.0,405.8,37.4,422.4,18.0,6.7,-1.4,0,-0.077,"MW","MW"
37,"T1",45.1,7.1,43.4,-6.0,287.5,42.5,239.4,-32.4,419.0,24.2,456.4,-16.0,12.7,-0.6,5,-0.077,"MW","MW"
24,"T1",54.7,-2.5,36.9,0.5,348.6,-18.6,244.2,-37.2,424.9,18.3,432.7,7.7,-9.6,-0.6,2,0.449,"MW","MW"
-8,"T1",47.3,5.1,46.7,-13.1,304.0,31.0,443.8,-155.2,434.4,-30.0,304.0,64.4,19.8,0.0,2,0.000,"MW","MW"
38,"T1",48.5,3.9,39.2,-5.6,276.7,58.3,295.3,-6.7,436.3,-31.9,366.8,1.6,-6.5,1.1,0,0.231,"MW","P1"
16,"T1",60.0,-7.6,37.4,-3.8,363.7,-28.7,269.2,19.4,456.4,-52.0,337.2,31.2,-11.7,0.7,0,0.526,"MW","WA"
16,"T1",60.6,-8.2,41.9,-8.3,409.0,-74.0,248.2,40.4,458.9,-54.5,456.9,-88.5,5.0,0.3,1,0.359,"MW","MW"
50,"T1",52.1,0.3,36.2,-2.6,290.3,44.7,274.1,14.5,411.5,-7.1,377.1,-8.7,-7.2,1.8,7,0.276,"MW","MW"
18,"T1",45.2,7.2,41.5,-7.9,290.0,45.0,280.2,8.4,399.6,4.8,420.4,-52.0,6.0,0.8,0,0.000,"MW","MW"
20,"T1",39.1,-0.3,50.3,1.5,236.7,22.9,258.4,-12.8,418.4,-32.6,404.1,14.5,22.7,-1.2,0,-0.276,"MW","AC"
14,"T1",53.2,-14.4,46.5,5.3,326.0,-66.4,247.7,-2.1,447.1,-61.3,362.3,56.3,-4.5,-1.1,-2,0.250,"MW","WA"
3,"T1",38.1,0.7,52.0,-0.2,233.3,26.3,287.8,-42.2,413.1,-27.3,430.9,-12.3,0.5,-0.4,7,-0.199,"MW","MW"
-17,"T1",38.4,0.4,50.6,1.2,252.3,7.3,258.7,-13.1,390.3,-4.5,445.5,-26.9,13.2,-1.0,-7,-0.276,"MW","MW"
5,"T1",48.0,-9.2,44.1,7.7,313.4,-53.8,263.5,-17.9,396.2,-10.4,421.8,-3.2,-9.1,-1.0,0,0.250,"MW","MW"
-25,"T1",37.9,0.9,56.0,-4.2,227.3,32.3,267.2,-21.6,403.3,-17.5,507.7,-89.1,8.4,-0.5,-2,-0.429,"MW","MW"
-2,"T1",47.0,9.0,51.5,2.1,199.3,-45.7,273.9,2.1,505.9,111.1,470.4,-2.0,16.2,-0.1,0,-0.276,"P1","MW"
28,"T1",60.4,-4.4,52.5,1.1,239.1,-85.5,253.7,22.3,564.2,52.8,553.8,-85.4,-0.4,0.1,0,0.000,"P1","P1"
-1,"T1",56.2,-0.2,46.4,7.2,246.1,-92.5,249.2,26.8,574.7,42.3,445.5,22.9,9.7,-0.4,0,0.083,"P1","P1"
7,"T1",50.3,5.7,49.2,4.4,186.0,-32.4,289.0,-13.0,542.6,74.4,416.8,51.6,3.7,0.2,0,-0.045,"P1","P1"
10,"T1",51.6,4.4,65.0,-11.4,209.6,-56.0,389.7,-113.7,557.7,59.3,450.0,18.4,7.8,-0.8,0,-0.276,"P1","P1"
42,"T1",61.6,3.0,42.9,2.1,302.4,-28.4,200.0,32.4,505.2,20.0,493.2,-35.4,6.4,-0.9,0,0.353,"P1","WA"
19,"T1",61.8,2.8,49.8,-4.8,265.0,9.0,260.4,-28.0,523.9,1.3,463.2,-5.4,10.4,0.5,0,0.308,"P1","B2"
21,"T1",66.7,-2.1,47.6,-2.6,378.5,-104.5,220.1,12.3,519.3,5.9,501.6,-43.8,17.2,-0.3,0,0.436,"P1","MW"
12,"T1",54.9,9.7,50.3,-5.3,207.6,66.4,291.1,-58.7,498.1,27.1,425.6,32.2,10.3,0.2,0,0.077,"P1","P1"
24,"T1",63.9,0.7,51.7,-6.7,322.0,-48.0,319.3,-86.9,524.0,1.2,420.1,37.7,7.6,0.3,-7,0.462,"P1","P1"
11,"T1",59.1,5.5,51.8,-6.8,301.2,-27.2,281.7,-49.3,476.9,48.3,468.1,-10.3,6.3,0.5,7,0.231,"P1","P1"
-20,"T1",48.3,16.3,55.1,-10.1,221.2,52.8,313.4,-81.0,451.6,73.6,466.6,-8.8,-2.5,0.0,0,-0.077,"P1","P1"
3,"T1",59.1,5.5,50.5,-5.5,275.0,-1.0,193.0,39.4,496.8,28.4,537.4,-79.6,2.0,0.3,-5,0.353,"P1","P1"
14,"T1",56.6,2.0,59.3,-5.7,330.1,0.9,303.2,25.2,477.8,0.6,476.8,-48.2,20.4,-0.8,0,-0.176,"P1","SE"
30,"T1",60.0,-1.4,47.6,6.0,302.6,28.4,319.5,8.9,526.3,-47.9,410.0,18.6,-11.9,-0.4,0,0.122,"P1","WA"
18,"T1",56.1,2.5,54.8,-1.2,303.5,27.5,241.0,87.4,473.4,5.0,522.8,-94.2,-4.3,-0.2,0,0.122,"P1","P1"
-3,"T1",51.9,6.7,54.6,-1.0,236.1,94.9,339.1,-10.7,474.7,3.7,411.0,17.6,4.0,-0.3,7,-0.154,"P1","P1"
3,"T1",61.7,-3.1,52.5,1.1,327.8,3.2,279.9,48.5,494.9,-16.5,533.9,-105.3,-4.7,-0.1,0,0.122,"P1","P1"
-7,"T1",45.3,13.3,59.4,-5.8,249.7,81.3,361.4,-33.0,428.2,50.2,452.0,-23.4,-8.8,-0.5,0,-0.308,"P1","P1"
21,"T1",67.4,9.0,58.1,-10.9,391.5,111.9,356.7,-91.1,441.6,-10.0,527.2,-28.8,-11.0,1.2,0,0.077,"P1","CU"
31,"T1",65.2,11.2,56.4,-9.2,432.8,70.6,343.7,-78.1,442.2,-10.6,457.8,40.6,-1.6,1.4,0,0.000,"P1","WA"
-7,"T1",65.0,11.4,52.9,-5.7,415.9,87.5,298.3,-32.7,430.1,1.5,488.4,10.0,-3.5,1.0,0,0.154,"P1","P1"
46,"T1",70.6,5.8,49.3,-2.1,414.0,89.4,248.5,17.1,471.5,-39.9,568.8,-70.4,-8.2,0.9,7,0.276,"P1","P1"
7,"T1",54.2,22.2,56.2,-9.0,335.9,167.5,330.0,-64.4,404.8,26.8,486.9,11.5,-12.3,0.5,0,-0.154,"P1","P1"
12,"T1",60.7,15.7,55.9,-8.7,367.9,135.5,269.8,-4.2,444.7,-13.1,511.8,-13.4,-9.8,0.5,0,-0.077,"P1","P1"
-7,"T1",60.8,15.6,51.4,-4.2,322.3,181.1,307.7,-42.1,451.3,-19.7,445.9,52.5,0.5,0.7,-7,0.000,"P1","P1"
17,"T1",44.6,11.0,48.8,-3.6,319.2,30.6,238.1,-96.9,380.9,12.5,437.7,33.3,1.9,-0.8,0,0.000,"P1","MW"
-26,"T1",50.1,5.5,45.0,0.2,284.1,65.7,221.6,-80.4,430.8,-37.4,418.1,52.9,-4.6,0.3,0,0.231,"P1","P1"
15,"T1",54.6,1.0,50.6,-5.4,312.9,36.9,147.4,-6.2,430.9,-37.5,544.0,-73.0,-8.3,0.1,0,0.276,"P1","P1"
17,"T1",56.0,-0.4,42.2,3.0,344.2,5.6,181.8,-40.6,462.9,-69.5,446.8,24.2,1.4,-0.3,7,0.359,"P1","P1"
6,"T1",59.4,-3.8,51.8,-6.6,359.9,-10.1,273.7,-132.5,458.1,-64.7,426.7,44.3,-2.7,0.1,0,0.385,"P1","P1"
7,"B",49.3,6.3,46.7,-1.5,322.2,27.6,208.1,-66.9,407.4,-14.0,438.9,32.1,18.2,-0.6,0,0.231,"P1","AC"
28,"T1",69.5,-4.3,37.5,-5.5,358.6,35.8,242.4,-74.0,495.0,-19.6,380.5,-2.5,4.3,0.9,0,0.763,"P1","WA"
33,"T1",65.0,0.2,41.7,-9.7,359.5,34.9,199.9,-31.5,493.4,-18.0,508.6,-130.6,4.1,0.4,0,0.429,"P1","P1"
-1,"T1",60.8,4.4,35.6,-3.6,366.5,27.9,195.4,-27.0,503.9,-28.5,400.3,-22.3,14.2,-0.1,0,0.513,"P1","P1"
7,"T1",59.4,5.8,44.0,-12.0,335.2,59.2,161.0,7.4,471.9,3.5,497.5,-119.5,4.5,0.3,0,0.429,"P1","P1"
21,"T1",55.2,10.0,43.8,-11.8,267.8,126.6,259.1,-90.7,473.2,2.2,385.7,-7.7,12.8,0.2,0,0.154,"P1","P1"
17,"T1",54.9,10.3,38.4,-6.4,306.4,88.0,235.2,-66.8,471.8,3.6,371.6,6.4,8.2,0.5,2,0.385,"P1","P1"
-28,"T1",41.9,-2.7,50.6,5.8,220.4,2.0,320.3,18.3,445.4,-22.8,448.8,83.6,-6.0,0.6,0,-0.128,"P1","P1"
37,"T1",48.9,-9.7,48.6,7.8,276.6,-54.2,253.1,85.5,453.9,-31.3,530.5,1.9,-5.3,-0.8,7,-0.083,"P1","WA"
-24,"T1",43.2,-4.0,66.4,-10.0,244.0,-21.6,421.0,-82.4,460.5,-37.9,482.0,50.4,-1.9,-0.4,0,-0.359,"P1","P1"
-38,"T1",42.1,-2.9,60.5,-4.1,227.4,-5.0,306.3,32.3,440.2,-17.6,528.8,3.6,-11.7,0.1,0,-0.436,"P1","P1"
-2,"T1",38.3,0.9,54.3,2.1,214.7,7.7,334.3,4.3,431.5,-8.9,487.8,44.6,-6.2,0.9,0,-0.282,"P1","MW"
-18,"T1",51.2,-12.0,57.4,-1.0,296.2,-73.8,372.4,-33.8,472.7,-50.1,457.4,75.0,-4.1,0.4,0,0.026,"P1","P1"
-7,"T1",48.4,-9.2,44.6,11.8,306.6,-84.2,244.6,94.0,372.9,49.7,433.2,99.2,-13.0,0.3,7,0.083,"P1","IN"
7,"T1",46.4,-7.2,57.5,-1.1,275.4,-53.0,334.8,3.8,425.6,-3.0,505.4,27.0,-5.4,0.6,-7,-0.205,"P1","P1"
10,"T1",40.9,3.9,52.4,-7.8,248.5,53.5,253.6,-35.2,393.0,-27.8,532.5,-64.3,7.7,0.2,0,-0.385,"P1","MW"
13,"T1",54.0,-9.2,51.5,-6.9,336.0,-34.0,312.3,-93.9,444.0,-78.8,425.3,42.9,1.9,-0.2,0,0.154,"P1","P1"
-14,"T1",51.2,-6.4,38.7,5.9,346.4,-44.4,184.5,33.9,344.2,21.0,401.1,67.1,-7.0,-0.3,0,0.212,"P1","IN"
9,"T1",49.2,-4.4,51.6,-7.0,315.2,-13.2,274.7,-56.3,396.9,-31.7,473.3,-5.1,0.6,0.0,7,-0.077,"P1","P1"
-4,"T1",44.9,-0.1,54.6,-10.0,267.2,34.8,246.2,-27.8,411.5,-46.3,496.7,-28.5,-5.7,-0.5,0,-0.308,"P1","P1"
16,"T1",46.0,-1.2,60.5,-15.9,283.8,18.2,360.9,-142.5,431.8,-66.6,449.9,18.3,4.1,-1.0,5,-0.231,"P1","P1"
-1,"B",40.9,3.9,52.4,-7.8,248.5,53.5,253.6,-35.2,393.0,-27.8,532.5,-64.3,7.7,0.2,0,-0.385,"P1","MW"
14,"T1",50.8,7.6,74.0,-10.8,333.9,72.3,369.9,0.1,398.4,-16.0,543.9,-21.1,7.2,-0.2,-1,-0.462,"P1","WA"
-19,"T1",42.0,16.4,63.0,0.2,285.9,120.3,381.9,-11.9,341.4,41.0,458.2,64.6,29.3,0.1,0,-0.538,"P1","BT"
-3,"T1",45.2,13.2,64.2,-1.0,287.3,118.9,382.2,-12.2,380.2,2.2,499.1,23.7,-10.1,-0.3,0,-0.538,"P1","P1"
-21,"T1",52.8,5.6,69.8,-6.6,335.9,70.3,436.7,-66.7,440.4,-58.0,477.2,45.6,2.2,-0.8,0,-0.385,"P1","P1"
-7,"T1",56.0,2.4,59.6,3.6,341.1,65.1,261.8,108.2,425.4,-43.0,569.9,-47.1,-5.6,0.0,0,-0.109,"P1","P1"
14,"T1",56.0,2.4,60.9,2.3,367.3,38.9,350.5,19.5,405.5,-23.1,500.6,22.2,-1.3,0.2,0,-0.231,"P1","P1"
-7,"T1",61.6,-3.2,57.3,5.9,365.4,40.8,300.7,69.3,446.9,-64.5,581.0,-58.2,-6.0,0.1,0,-0.109,"P1","P1"
17,"T1",62.6,-11.2,53.9,10.9,277.1,-45.7,320.5,4.1,576.9,62.3,447.2,64.2,0.2,0.5,0,0.333,"P1","WA"
-3,"T1",48.2,3.2,64.7,0.1,231.9,-0.5,299.3,25.3,548.5,90.7,518.3,-6.9,-1.6,-0.4,0,-0.353,"P1","P1"
20,"T1",48.0,3.4,54.8,10.0,224.9,6.5,313.3,11.3,553.7,85.5,438.3,73.1,4.1,0.1,7,-0.045,"P1","P1"
16,"T1",53.9,-2.5,52.0,12.8,285.0,-53.6,273.5,51.1,585.8,53.4,467.0,44.4,10.1,-0.5,0,0.083,"P1","P1"
-35,"T1",48.3,3.1,60.2,4.6,186.3,45.1,337.2,-12.6,555.1,84.1,452.4,59.0,8.7,-0.2,0,-0.276,"P1","P1"
3,"T1",53.6,0.6,59.3,-15.3,309.4,-11.0,410.7,-162.3,429.9,19.1,384.8,57.8,3.3,0.0,-7,-0.077,"SE","SE"
-3,"T1",47.3,6.9,54.6,-10.6,259.1,39.3,301.4,-53.0,437.8,11.2,419.7,22.9,-10.5,-0.4,0,-0.308,"SE","SE"
6,"T1",56.3,-2.1,56.5,-12.5,289.0,9.4,348.1,-99.7,450.3,-1.3,499.3,-56.7,-18.3,0.8,0,-0.077,"SE","CU"
24,"T1",54.4,-0.2,54.5,-10.5,313.8,-15.4,263.2,-14.8,463.1,-14.1,483.8,-41.2,9.6,-0.2,0,-0.176,"SE","SE"
-7,"T1",47.0,7.2,60.6,-16.6,255.3,43.1,338.3,-89.9,407.2,41.8,446.6,-4.0,-2.1,-1.2,0,-0.319,"SE","SE"
-7,"T1",54.8,-0.6,45.5,-1.5,302.7,-4.3,333.2,-84.8,485.3,-36.3,398.0,44.6,-16.0,0.2,0,0.038,"SE","SB"
20,"T1",61.9,12.7,60.5,-7.5,481.7,91.3,342.8,-22.4,346.6,-19.6,475.7,-64.9,-20.6,0.4,0,-0.051,"SE","SB"
-13,"T1",66.9,7.7,63.0,-10.0,477.6,95.4,315.7,4.7,369.6,-42.6,493.3,-82.5,-14.0,0.4,0,0.000,"SE","SE"
59,"T1",82.4,-7.8,51.3,1.7,516.2,56.8,279.0,41.4,420.3,-93.3,495.1,-84.3,-34.5,1.2,0,0.449,"SE","SB"
-2,"T1",54.2,20.4,50.7,2.3,411.2,161.8,317.1,3.3,336.7,-9.7,383.6,27.2,-4.7,0.3,0,-0.077,"SE","SE"
48,"T1",76.4,-1.8,41.6,11.4,490.3,82.7,279.3,41.1,407.1,-80.1,356.0,54.8,-5.3,1.5,0,0.532,"SE","SB"
12,"T1",60.8,13.8,52.6,0.4,495.8,77.2,273.9,46.5,332.3,-5.3,463.6,-52.8,-2.0,0.8,0,0.115,"SE","SE"
10,"T1",55.0,-6.6,52.1,-18.3,298.5,15.3,257.5,-8.1,437.2,-80.8,458.6,-112.2,-30.5,-0.4,0,0.276,"SE","B2"
-3,"T1",47.6,0.8,51.6,-17.8,287.4,26.4,309.7,-60.3,390.3,-33.9,402.3,-55.9,-29.5,-0.7,0,0.000,"SE","BE"
-5,"T1",47.4,1.0,38.4,-4.6,313.7,0.1,261.9,-12.5,353.1,3.3,333.1,13.3,-3.2,0.0,0,0.077,"SE","SE"
35,"T1",60.4,-12.0,40.9,-7.1,324.9,-11.1,216.2,33.2,440.1,-83.7,505.1,-158.7,0.1,1.1,0,0.385,"SE","WA"
28,"T1",46.8,1.6,38.6,-4.8,285.1,28.7,274.9,-25.5,375.3,-18.9,349.6,-3.2,10.1,0.2,0,0.276,"SE","SE"
14,"T1",52.7,-4.3,37.0,-3.2,356.0,-42.2,256.2,-6.8,402.5,-46.1,387.0,-40.6,-3.3,0.9,0,0.442,"SE","SE"
7,"T1",46.2,2.2,44.0,-10.2,281.1,32.7,273.9,-24.5,399.5,-43.1,397.7,-51.3,1.4,-0.3,7,0.154,"SE","SE"
3,"B",42.9,5.5,50.0,-16.2,275.2,38.6,285.9,-36.5,366.7,-10.3,415.3,-68.9,8.6,-1.0,0,0.000,"SE","AC"
46,"T1",63.3,21.7,58.7,-7.7,335.2,65.2,350.5,-143.9,441.6,72.4,420.2,96.8,-14.0,0.2,0,0.109,"SE","IN"
28,"T1",67.1,17.9,59.5,-8.5,395.4,5.0,285.9,-79.3,440.1,73.9,528.8,-11.8,-10.4,0.4,0,0.026,"SE","SB"
39,"T1",69.8,15.2,58.0,-7.0,364.8,35.6,242.3,-35.7,495.6,18.4,521.0,-4.0,16.5,-0.2,0,-0.022,"SE","SE"
-3,"T1",59.4,25.6,49.7,1.3,324.9,75.5,260.2,-53.6,430.2,83.8,436.7,80.3,5.5,0.3,0,0.000,"SE","SE"
27,"T1",65.1,19.9,47.2,3.8,328.4,72.0,253.5,-46.9,454.1,59.9,434.9,82.1,15.6,0.5,0,0.276,"SE","SE"
39,"T1",75.7,9.3,56.7,-5.7,374.9,25.5,229.3,-22.7,497.9,16.1,549.6,-32.6,-6.0,-1.0,0,0.077,"SE","SB"
33,"T1",65.4,19.6,48.8,2.2,316.8,83.6,230.8,-24.2,502.4,11.6,500.3,16.7,-24.7,-0.2,0,0.154,"SE","AC"
-6,"B",63.9,21.1,52.7,-1.7,357.0,43.4,268.2,-61.6,435.8,78.2,478.7,38.3,14.9,0.2,0,0.000,"SE","BT"
21,"T1",62.1,3.1,54.8,-14.4,333.0,21.4,353.1,-133.3,485.6,-88.8,456.5,-29.9,-4.3,0.9,0,0.308,"SE","B2"
-4,"T1",56.1,9.1,46.3,-5.9,386.5,-32.1,223.6,-3.8,367.2,29.6,471.5,-44.9,11.8,1.2,0,0.346,"SE","SE"
28,"T1",61.1,4.1,40.3,0.1,376.3,-21.9,241.4,-21.6,422.7,-25.9,427.1,-0.5,5.8,1.6,0,0.596,"SE","SE"
12,"N",58.1,7.1,62.7,-22.3,280.5,73.9,310.1,-90.3,456.9,-60.1,470.3,-43.7,3.6,0.4,7,0.154,"SE","SE"
10,"T1",57.2,8.0,54.2,-13.8,372.4,-18.0,292.5,-72.7,381.5,15.3,483.6,-57.0,-6.8,0.8,0,0.179,"SE","SB"
25,"T1",49.5,15.7,44.4,-4.0,301.9,52.5,266.8,-47.0,371.6,25.2,391.5,35.1,9.1,0.7,0,0.154,"SE","SE"
11,"T1",62.2,3.0,56.7,-16.3,368.3,-13.9,265.4,-45.6,404.5,-7.7,501.2,-74.6,-0.2,0.8,0,0.231,"SE","SE"
31,"B",58.1,7.1,63.6,-23.2,311.0,43.4,182.5,37.3,412.4,-15.6,652.8,-226.2,-10.4,1.2,0,-0.077,"SE","WA"
36,"T1",65.7,7.3,51.2,8.0,312.8,-1.8,391.4,-9.2,516.2,59.6,372.5,39.7,0.4,0.8,-2,0.365,"SE","MA"
6,"T1",67.9,5.1,64.8,-5.6,320.8,-9.8,337.2,45.0,539.1,36.7,548.0,-135.8,-20.7,-0.1,-2,0.115,"SE","BE"
28,"T1",69.7,3.3,60.8,-1.6,330.2,-19.2,317.1,65.1,528.8,47.0,497.2,-85.0,-2.2,-1.4,0,0.000,"SE","SB"
6,"T1",56.4,16.6,68.2,-9.0,261.6,49.4,405.2,-23.0,470.6,105.2,431.4,-19.2,8.6,-1.6,2,-0.242,"SE","SE"
-8,"T1",62.0,11.0,72.1,-12.9,258.8,52.2,391.3,-9.1,546.4,29.4,463.1,-50.9,3.8,-0.4,-7,-0.077,"SE","SE"
-17,"T1",59.7,13.3,51.1,8.1,312.3,-1.3,328.3,53.9,462.8,113.0,366.0,46.2,6.1,-0.1,0,0.000,"SE","SE"
-2,"T1",63.8,9.2,62.1,-2.9,320.1,-9.1,330.1,52.1,526.5,49.3,468.6,-56.4,20.3,-0.6,0,-0.099,"SE","SE"
41,"T1",54.7,22.5,48.6,-8.8,300.7,127.5,239.7,-27.5,435.6,15.0,379.6,-14.2,-1.4,0.7,2,0.071,"SE","AC"
44,"T1",66.8,10.4,45.6,-5.8,413.9,14.3,240.9,-28.7,440.6,10.0,384.8,-19.4,-25.1,0.6,-2,0.440,"SE","SB"
12,"T1",62.1,15.1,46.0,-6.2,423.4,4.8,219.8,-7.6,394.1,56.5,440.9,-75.5,3.4,2.0,0,0.357,"SE","SE"
4,"T1",64.1,13.1,62.4,-22.6,317.4,110.8,306.3,-94.1,483.8,-33.2,439.7,-74.3,-4.8,1.2,0,0.165,"SE","SE"
6,"T1",55.5,21.7,44.1,-4.3,338.8,89.4,263.0,-50.8,398.5,52.1,360.9,4.5,0.7,1.5,0,0.165,"SE","SE"
48,"T1",69.3,7.9,40.7,-0.9,351.2,77.0,261.4,-49.2,512.4,-61.8,378.4,-13.0,-20.6,1.4,0,0.440,"SE","WA"
-2,"T1",65.1,12.1,57.2,-17.4,374.3,53.9,392.6,-180.4,430.7,19.9,346.2,19.2,5.4,1.2,0,0.242,"SE","SE"
14,"B",51.4,25.8,51.3,-11.5,296.9,131.3,303.0,-90.8,375.5,75.1,379.5,-14.1,21.9,1.7,0,0.011,"SE","BT"
-13,"T1",43.4,-3.2,68.4,-11.4,253.6,9.4,375.3,22.9,470.7,-43.1,538.4,-89.8,4.0,-1.9,0,-0.607,"SE","B2"
-6,"T1",45.6,-5.4,71.0,-14.0,234.8,28.2,399.3,-1.1,472.3,-44.7,481.3,-32.7,-2.2,-1.2,0,-0.442,"SE","SE"
24,"T1",50.8,-10.6,49.3,7.7,268.6,-5.6,354.4,43.8,500.9,-73.3,420.0,28.6,-18.0,-1.0,0,-0.167,"SE","WA"
-3,"T1",42.1,-1.9,55.6,1.4,255.7,7.3,348.3,49.9,435.1,-7.5,448.8,-0.2,4.7,-1.2,0,-0.288,"SE","SE"
-36,"T1",46.6,-6.4,65.8,-8.8,291.7,-28.7,485.6,-87.4,419.2,8.4,387.8,60.8,8.0,-1.2,0,-0.365,"SE","SE"
-17,"T1",40.0,0.2,67.1,-10.1,237.6,25.4,413.2,-15.0,396.5,31.1,449.6,-1.0,2.6,-2.4,7,-0.607,"SE","SE"
-45,"T1",41.4,1.6,61.8,-15.4,243.3,31.1,370.9,-57.3,342.6,-22.8,400.2,-50.4,2.5,-1.5,0,-0.242,"SE","SE"
17,"T1",56.6,-13.6,42.8,3.6,394.0,-119.6,267.1,46.5,390.7,-70.9,390.2,-40.4,-8.5,0.4,0,0.449,"SE","CU"
-12,"T1",48.8,-5.8,55.7,-9.3,301.8,-27.4,295.8,17.8,398.5,-78.7,437.4,-87.6,14.2,-0.5,0,-0.099,"SE","SE"
5,"T1",43.5,-0.5,50.3,-3.9,261.4,13.0,306.0,7.6,381.2,-61.4,399.4,-49.6,4.6,-0.3,7,0.077,"SE","SE"
-14,"N",48.0,-5.0,60.5,-14.1,297.4,-23.0,443.3,-129.7,365.3,-45.5,338.4,11.4,7.9,-0.3,0,0.000,"SE","SE"
3,"T1",50.0,-7.0,43.3,3.1,336.3,-61.9,288.3,25.3,384.2,-64.4,388.7,-38.9,-0.1,0.9,0,0.365,"SE","SE"
7,"B",48.1,-5.1,59.1,-12.7,270.3,4.1,391.6,-78.0,393.2,-73.4,351.8,-2.0,4.8,-0.1,0,-0.099,"SE","CU"
14,"T1",61.9,-9.7,47.3,-0.3,342.1,-114.7,460.9,-42.3,476.5,39.9,324.3,13.3,-4.4,-0.1,0,0.250,"SE","SB"
17,"T1",49.3,2.9,45.0,2.0,270.5,-43.1,346.5,72.1,433.1,83.3,328.7,8.9,-5.9,-0.5,0,-0.115,"SE","SE"
15,"T1",55.7,-3.5,60.0,-13.0,304.8,-77.4,364.8,53.8,464.3,52.1,456.7,-119.1,-12.0,-0.4,0,-0.115,"SE","SE"
-11,"T1",48.7,3.5,45.2,1.8,241.9,-14.5,359.5,59.1,455.3,61.1,345.2,-7.6,7.4,-0.3,0,0.083,"SE","SE"
-20,"T1",51.6,0.6,66.0,-19.0,217.0,10.4,409.5,9.1,516.7,-0.3,425.8,-88.2,-8.2,-0.8,0,-0.192,"SE","SE"
-2,"T1",44.8,7.4,56.6,-9.6,232.0,-4.6,370.5,48.1,446.7,69.7,410.9,-73.3,5.9,-1.5,7,-0.192,"SE","AC"
20,"T1",56.7,8.3,55.1,-0.5,273.3,4.7,366.2,-37.0,494.6,30.4,426.7,50.5,-16.7,0.5,0,0.176,"SE","CU"
21,"T1",60.1,4.9,51.5,3.1,304.0,-26.0,340.6,-11.4,459.8,65.2,442.4,34.8,-18.4,0.8,0,0.298,"SE","SB"
21,"T1",52.7,12.3,59.9,-5.3,248.9,29.1,341.8,-12.6,475.8,49.2,437.0,40.2,-20.1,-0.2,7,-0.132,"SE","SE"
3,"T1",56.0,9.0,53.4,1.2,348.3,-70.3,278.3,50.9,431.3,93.7,496.8,-19.6,-8.3,1.0,0,0.214,"SE","SE"
52,"T1",68.3,-3.3,51.1,3.5,367.4,-89.4,416.2,-87.0,480.8,44.2,394.1,83.1,-12.7,0.9,-7,0.464,"SE","SB"
21,"T1",59.0,6.0,64.6,-10.0,299.2,-21.2,451.1,-121.9,467.9,57.1,402.1,75.1,-6.3,0.2,0,0.099,"SE","SE"
1,"T1",55.1,9.9,49.0,5.6,267.2,10.8,314.8,14.4,459.6,65.4,415.0,62.2,-0.9,0.7,0,0.298,"SE","SE"
-7,"N",52.4,12.6,65.9,-11.3,245.1,32.9,378.7,-49.5,445.2,79.8,463.9,13.3,-11.7,-1.0,-1,-0.143,"SE","SE"
4,"B",55.7,9.3,56.8,-2.2,273.1,4.9,365.4,-36.2,485.0,40.0,446.6,30.6,0.2,0.6,0,0.022,"SE","BT"
-14,"T1",43.7,-0.3,49.7,-4.5,274.4,26.0,277.4,-21.0,397.7,-44.9,421.6,-27.4,-8.7,-0.5,0,-0.122,"SE","SE"
14,"T1",50.2,-6.8,42.7,2.5,349.3,-48.9,259.7,-3.3,400.7,-47.9,410.9,-16.7,-13.4,0.7,0,0.167,"SE","SE"
23,"T1",52.9,-9.5,46.8,-1.6,346.0,-45.6,284.7,-28.3,404.2,-51.4,378.1,16.1,-17.4,-0.8,7,0.083,"SE","MA"
-3,"T1",41.9,1.5,55.2,-10.0,260.1,40.3,305.4,-49.0,389.7,-36.9,395.5,-1.3,-19.2,-0.9,0,-0.429,"SE","SE"
11,"T1",47.3,-3.9,41.8,3.4,318.7,-18.3,258.9,-2.5,383.2,-30.4,433.3,-39.1,-8.2,0.1,0,-0.045,"SE","MA"
-7,"T1",51.3,-7.9,59.1,-13.9,341.3,-40.9,283.7,-27.3,382.5,-29.7,485.0,-90.8,-19.4,-0.1,-7,-0.199,"SE","SE"
-14,"T1",43.9,-0.5,50.4,-5.2,259.6,40.8,271.4,-15.0,407.4,-54.6,394.3,-0.1,1.6,-0.9,0,-0.276,"SE","AC"
17,"T1",64.0,-15.6,55.9,-0.7,373.3,-21.3,335.2,-5.2,505.2,-97.6,449.4,-54.8,-28.7,0.5,7,0.333,"SB","CU"
4,"T1",56.4,-8.0,56.8,-1.6,378.5,-26.5,302.8,27.2,442.8,-35.2,503.1,-108.5,4.4,-1.1,0,-0.122,"SB","CU"
31,"T1",60.0,-11.6,51.4,3.8,404.4,-52.4,416.6,-86.6,422.1,-14.5,352.8,41.8,5.7,0.1,0,0.167,"SB","SB"
-27,"T1",48.8,-0.4,61.6,-6.4,371.2,-19.2,347.6,-17.6,386.9,20.7,467.6,-73.0,-8.5,-0.2,0,-0.250,"SB","SB"
3,"T1",63.3,-14.9,42.7,12.5,379.8,-27.8,284.1,45.9,447.4,-39.8,347.9,46.7,6.8,0.9,0,0.333,"SB","SB"
4,"T1",69.3,-20.9,52.4,2.8,405.7,-53.7,283.8,46.2,460.6,-53.0,487.0,-92.4,-22.4,0.6,0,0.250,"SB","SB"
13,"T1",59.4,3.0,58.9,7.5,325.8,-73.8,309.5,39.9,506.4,75.8,443.0,38.8,-14.3,0.4,0,0.199,"SB","SB"
3,"T1",67.9,-5.5,59.4,7.0,355.3,-103.3,336.5,12.9,580.4,1.8,486.7,-4.9,29.9,2.5,0,0.532,"SB","BT"
-12,"T1",54.6,7.8,67.9,-1.5,256.5,-4.5,359.7,-10.3,503.2,79.0,470.0,11.8,-18.0,0.6,-1,-0.077,"SB","BE"
-3,"T1",58.9,3.5,56.7,9.7,279.5,-27.5,383.7,-34.3,551.9,30.3,417.6,64.2,-3.1,1.2,0,0.115,"SB","SB"
3,"T1",58.8,3.6,57.4,9.0,291.0,-39.0,350.7,-1.3,488.4,93.8,444.7,37.1,4.1,1.6,7,0.199,"SB","SB"
17,"B",63.4,-1.0,62.4,4.0,328.5,-76.5,312.5,36.9,530.1,52.1,546.7,-64.9,8.5,0.5,0,0.077,"SB","CU"
-16,"T1",36.6,-6.4,63.2,15.0,266.4,-28.2,341.3,66.3,361.3,-60.1,447.0,40.2,13.4,-1.8,0,-0.378,"SB","AC"
-18,"T1",39.7,-9.5,73.1,5.1,314.3,-76.1,386.4,21.2,333.7,-32.5,513.9,-26.7,-15.3,-1.1,0,-0.583,"SB","SB"
-32,"T1",48.3,-18.1,70.3,7.9,293.8,-55.6,329.8,77.8,391.5,-90.3,534.7,-47.5,-10.9,-2.5,0,-0.532,"SB","SB"
19,"T1",60.2,-30.0,63.9,14.3,348.8,-110.6,322.6,85.0,407.4,-106.2,533.3,-46.1,-29.2,-0.3,0,-0.083,"SB","SB"
-8,"T1",53.7,-6.1,66.3,5.3,438.0,65.2,379.2,77.6,376.6,-65.6,432.0,4.6,-25.7,-0.6,0,-0.250,"SB","MA"
-17,"T1",48.4,-0.8,69.8,1.8,446.8,56.4,411.0,45.8,338.6,-27.6,488.6,-52.0,-14.2,-0.3,-1,-0.417,"SB","SB"
-7,"T1",57.0,-9.4,67.0,4.6,426.3,76.9,354.4,102.4,396.4,-85.4,509.4,-72.8,-9.8,-1.7,-7,-0.365,"SB","SB"
10,"T1",62.9,-15.3,50.9,20.7,455.4,47.8,347.5,109.3,399.1,-88.1,368.9,67.7,1.1,0.8,-7,0.167,"SB","SB"
-6,"T1",51.5,-3.9,59.3,12.3,405.1,98.1,437.4,19.4,416.3,-105.3,395.0,41.6,-12.9,-0.5,0,-0.250,"SB","SB"
-18,"T1",56.9,-9.9,68.8,-13.4,394.2,23.8,326.4,-19.4,443.3,-89.9,631.8,-110.2,-0.6,0.5,0,-0.214,"SB","CU"
17,"T1",51.1,-4.1,51.9,3.5,374.0,44.0,329.5,-22.5,374.0,-20.6,464.6,57.0,7.2,0.4,-2,0.083,"SB","SB"
14,"T1",62.6,-15.6,42.8,12.6,412.8,5.2,272.6,34.4,420.3,-66.9,411.4,110.2,14.0,1.3,-7,0.417,"SB","SB"
-3,"T1",51.7,-4.7,53.4,2.0,408.8,9.2,288.3,18.7,392.0,-38.6,462.9,58.7,-11.2,-0.8,0,0.083,"SB","SB"
-3,"T1",46.5,4.9,61.4,-5.0,269.8,-0.2,447.0,-47.4,386.7,17.5,377.0,53.6,6.3,0.8,0,-0.167,"SB","IN"
41,"T1",64.8,-13.4,43.3,13.1,338.6,-69.0,318.9,80.7,445.7,-41.5,365.9,64.7,25.2,2.1,2,0.333,"SB","SB"
-2,"T1",45.4,6.0,52.6,3.8,241.7,27.9,335.4,64.2,427.6,-23.4,410.1,20.5,37.8,0.7,0,-0.276,"SB","AC"
17,"T1",53.3,-1.9,52.4,4.0,299.8,-30.2,375.8,23.8,399.4,4.8,419.1,11.5,18.4,1.2,0,0.000,"SB","SB"
-10,"T1",61.5,-10.1,52.0,4.4,363.2,-93.6,451.4,-51.8,420.4,-16.2,370.8,59.8,24.1,1.3,0,0.167,"SB","SB"
-10,"T1",58.0,-8.4,76.3,13.9,293.5,-55.9,355.7,103.7,530.6,48.8,547.9,-34.3,18.3,-2.2,7,-0.449,"SB","SB"
-9,"T1",60.6,-11.0,68.9,21.3,347.2,-109.6,481.3,-21.9,508.0,71.4,412.3,101.3,28.1,-0.5,0,-0.083,"SB","SB"
10,"T1",52.5,-2.9,68.6,21.6,272.3,-34.7,438.7,20.7,550.5,28.9,433.5,80.1,15.2,-1.0,0,-0.333,"SB","SB"
-20,"T1",53.0,-3.4,70.8,19.4,318.6,-81.0,364.5,94.9,505.0,74.4,458.9,54.7,4.0,-1.8,0,-0.250,"SB","SB"
-12,"T1",61.2,-11.6,84.4,5.8,294.6,-57.0,578.5,-119.1,553.1,26.3,352.1,161.5,55.4,-0.7,7,-0.449,"SB","IN"
1,"T1",45.6,4.0,78.3,11.9,253.8,-16.2,476.9,-17.5,474.3,105.1,418.5,95.1,10.3,-1.0,2,-0.417,"SB","IN"
18,"T1",63.5,4.5,59.2,-10.0,338.4,26.8,438.4,-48.0,557.5,-16.9,426.3,-60.1,2.5,0.1,0,0.128,"SB","B2"
17,"T1",61.7,6.3,48.1,1.1,336.1,29.1,404.2,-13.8,531.1,9.5,359.8,6.4,1.3,-0.2,-7,0.167,"SB","SB"
38,"T1",79.1,-11.1,49.4,-0.2,412.3,-47.1,314.0,76.4,527.1,13.5,472.8,-106.6,-13.9,0.8,7,0.500,"SB","SB"
38,"T1",62.2,5.8,50.3,-1.1,382.4,-17.2,330.0,60.4,485.6,55.0,385.2,-19.0,-9.9,-1.0,0,0.250,"SB","SB"
-6,"T1",67.2,0.8,55.8,-6.6,357.3,7.9,321.2,69.2,511.2,29.4,474.2,-108.0,4.4,-1.4,4,0.051,"SB","SB"
10,"T1",68.3,16.5,41.0,2.2,307.7,62.1,260.6,1.0,491.8,73.2,400.1,14.3,-9.8,1.1,0,0.353,"WA","MW"
22,"T1",66.6,18.2,49.4,-6.2,319.2,50.6,332.4,-70.8,514.6,50.4,395.3,19.1,-4.8,0.1,0,0.231,"WA","CU"
58,"T1",78.6,6.2,45.6,-2.4,352.9,16.9,222.3,39.3,544.4,20.6,539.1,-124.7,1.0,1.2,2,0.462,"WA","WA"
2,"T1",74.6,10.2,55.1,-11.9,359.1,10.7,344.9,-83.3,523.3,41.7,460.6,-46.2,0.1,0.3,-1,0.308,"WA","WA"
35,"T1",71.7,13.1,42.0,1.2,350.3,19.5,214.6,47.0,525.1,39.9,471.5,-57.1,-8.4,-1.0,-6,0.353,"WA","WA"
44,"T1",79.3,5.5,43.1,0.1,346.3,23.5,289.0,-27.4,539.8,25.2,398.7,15.7,-13.0,0.8,-7,0.686,"WA","WA"
11,"T1",63.5,2.1,47.8,6.2,348.0,73.8,336.4,25.8,495.7,-78.5,422.1,30.7,-13.8,-0.8,0,0.276,"WA","WA"
30,"T1",62.1,3.5,47.4,6.6,376.3,45.5,264.9,97.3,451.2,-34.0,490.7,-37.9,-1.8,-1.8,-1,0.276,"WA","WA"
-13,"T1",54.4,11.2,69.4,-15.4,341.7,80.1,366.0,-3.8,415.8,1.4,508.9,-56.1,6.6,-0.8,0,-0.077,"WA","WA"
11,"T1",66.6,-1.0,47.6,6.4,407.1,14.7,306.0,56.2,462.8,-45.6,379.4,73.4,-7.7,-0.8,1,0.526,"WA","WA"
16,"T1",63.6,2.0,62.2,-8.2,352.5,69.3,313.9,48.3,467.6,-50.4,511.8,-59.0,-23.0,-1.1,7,0.276,"WA","B2"
12,"B",53.6,12.0,53.2,0.8,325.4,96.4,380.4,-18.2,424.5,-7.3,412.0,40.8,-0.6,-0.4,0,0.154,"WA","AC"
15,"T1",77.2,9.6,46.1,4.9,268.8,-123.6,258.7,8.9,693.7,185.3,367.0,61.0,4.3,-0.6,0,0.756,"WA","WA"
37,"T1",79.6,7.2,49.5,1.5,240.6,-95.4,225.3,42.3,701.4,177.6,545.9,-117.9,19.6,0.6,7,0.615,"WA","WA"
7,"T1",70.4,16.4,58.3,-7.3,253.7,-108.5,344.7,-77.1,665.9,213.1,422.6,5.4,12.0,0.2,7,0.231,"WA","WA"
12,"T1",65.0,21.8,67.9,-16.9,203.4,-58.2,318.7,-51.1,646.7,232.3,496.5,-68.5,18.6,-0.6,1,0.154,"WA","WA"
7,"T1",75.0,11.8,54.7,-3.7,257.6,-112.4,336.9,-69.3,700.9,178.1,405.2,22.8,11.4,-0.4,1,0.615,"WA","P1"
-7,"T1",52.3,-9.3,56.0,17.8,368.3,-51.9,296.9,25.9,415.7,-32.7,459.7,54.9,10.9,0.7,0,-0.083,"WA","MA"
-28,"T1",47.0,-4.0,80.3,-6.5,292.0,24.4,234.0,88.8,405.5,-22.5,696.8,-182.2,-5.6,-0.2,0,-0.840,"WA","WA"
-13,"T1",48.5,-5.5,69.7,4.1,339.3,-22.9,372.3,-49.5,417.9,-34.9,465.9,48.7,6.4,0.0,0,-0.609,"WA","WA"
-12,"T1",52.2,-9.2,57.7,16.1,295.3,21.1,316.7,6.1,478.6,-95.6,453.0,61.6,-7.4,-0.8,0,-0.333,"WA","WA"
-5,"T1",55.3,-12.3,57.5,16.3,354.4,-38.0,286.3,36.5,445.7,-62.7,410.3,104.3,-1.3,-0.8,0,-0.083,"WA","WA"
-1,"T1",46.3,-4.7,74.1,-12.7,289.1,21.5,209.7,64.5,409.7,-18.3,726.6,-152.4,1.8,0.6,0,-0.506,"WA","WA"
1,"T1",57.0,-15.4,54.7,6.7,323.3,-12.7,228.6,45.6,457.6,-66.2,619.0,-44.8,21.4,1.2,1,0.109,"WA","WA"
-14,"T1",42.4,-0.8,73.1,-11.7,286.1,24.5,322.0,-47.8,402.9,-11.5,569.6,4.6,20.4,0.0,1,-0.353,"WA","WA"
4,"T1",50.1,-8.5,51.1,10.3,320.7,-10.1,220.9,53.3,438.3,-46.9,551.4,22.8,12.0,-1.0,0,0.000,"WA","WA"
7,"T1",62.1,4.9,50.4,14.0,397.7,30.5,314.9,33.5,456.7,50.1,453.3,28.3,-19.0,-0.2,7,0.295,"WA","MW"
-8,"T1",60.5,6.5,65.0,-0.6,395.2,33.0,385.1,-36.7,479.8,27.0,449.4,32.2,-6.7,0.5,0,-0.231,"WA","WA"
16,"T1",70.4,-3.4,53.7,10.7,375.5,52.7,332.4,16.0,510.7,-3.9,432.3,49.3,-13.1,0.5,0,0.378,"WA","WA"
-2,"T1",59.0,8.0,75.6,-11.2,347.9,80.3,246.8,101.6,467.4,39.4,680.3,-198.7,-18.7,0.3,8,-0.462,"WA","WA"
39,"T1",64.2,2.8,53.0,11.4,351.2,77.0,329.5,18.9,540.5,-33.7,436.5,45.1,-20.5,-0.3,-7,0.045,"WA","WA"
-23,"B",52.5,14.5,56.9,7.5,336.6,91.6,310.1,38.3,450.8,56.0,477.0,4.6,3.3,-0.2,0,-0.231,"WA","MW"
5,"T1",61.1,-13.1,69.8,2.6,294.4,-111.4,315.7,20.3,633.7,30.1,537.1,-13.3,-28.1,-1.8,0,-0.026,"WA","CU"
14,"T1",60.9,-12.9,57.7,14.7,252.9,-69.9,326.2,9.8,589.2,74.6,453.4,70.4,-14.0,-0.4,0,0.224,"WA","WA"
-2,"T1",56.2,-8.2,69.7,2.7,265.7,-82.7,382.1,-46.1,572.7,91.1,515.3,8.5,-0.9,-0.9,0,-0.154,"WA","WA"
-18,"T1",57.8,-9.8,56.8,15.6,287.7,-104.7,292.9,43.1,586.1,77.7,414.9,108.9,-15.3,-1.2,0,0.141,"WA","WA"
-7,"T1",51.0,-3.0,69.0,3.4,272.6,-89.6,378.9,-42.9,558.3,105.5,470.5,53.3,-7.6,-0.4,7,-0.385,"WA","WA"
8,"T1",57.3,-16.5,50.8,7.8,245.2,-77.6,323.6,7.2,521.6,7.0,434.1,51.1,-4.6,1.8,0,0.333,"WA","WA"
-7,"T1",45.9,-5.1,72.7,-14.1,217.6,-50.0,238.0,92.8,478.3,50.3,682.1,-196.9,-10.2,1.6,0,-0.506,"WA","WA"
34,"T1",56.6,-15.8,53.3,5.3,251.8,-84.2,256.9,73.9,526.2,2.4,574.5,-89.3,9.4,2.2,-1,0.109,"WA","WA"
3,"T1",52.6,-11.8,62.8,-4.2,258.0,-90.4,379.5,-48.7,505.1,23.5,496.0,-10.8,8.5,1.3,-1,-0.045,"WA","WA"
-7,"T1",49.2,-8.0,52.0,15.6,308.5,-58.7,336.9,55.5,356.3,-50.3,466.7,41.7,-4.6,0.1,0,0.000,"WA","MW"
-3,"T1",49.9,-8.7,54.2,13.4,290.3,-40.5,280.0,112.4,395.6,-89.6,518.5,-10.1,5.9,-1.0,0,-0.250,"WA","WA"
-3,"T1",52.8,-11.6,67.3,0.3,299.1,-49.3,410.3,-17.9,393.8,-87.8,507.6,0.8,14.4,0.3,8,-0.295,"WA","WA"
-10,"T1",51.3,-10.1,54.6,13.0,262.0,-12.2,351.5,40.9,440.1,-134.1,449.9,58.5,-6.1,0.0,0,-0.250,"WA","WA"
-52,"T1",42.2,-1.0,76.2,-8.6,255.7,-5.9,381.1,11.3,360.2,-54.2,536.7,-28.3,14.3,0.0,0,-0.603,"WA","WA"
